# ************************************************************
# Sequel Pro SQL dump
# Version 4096
#
# http://www.sequelpro.com/
# http://code.google.com/p/sequel-pro/
#
# Host: 127.0.0.1 (MySQL 5.6.24)
# Database: cancer
# Generation Time: 2015-07-22 10:02:59 +0000
# ************************************************************


/*!40101 SET @OLD_CHARACTER_SET_CLIENT=@@CHARACTER_SET_CLIENT */;
/*!40101 SET @OLD_CHARACTER_SET_RESULTS=@@CHARACTER_SET_RESULTS */;
/*!40101 SET @OLD_COLLATION_CONNECTION=@@COLLATION_CONNECTION */;
/*!40101 SET NAMES utf8 */;
/*!40014 SET @OLD_FOREIGN_KEY_CHECKS=@@FOREIGN_KEY_CHECKS, FOREIGN_KEY_CHECKS=0 */;
/*!40101 SET @OLD_SQL_MODE=@@SQL_MODE, SQL_MODE='NO_AUTO_VALUE_ON_ZERO' */;
/*!40111 SET @OLD_SQL_NOTES=@@SQL_NOTES, SQL_NOTES=0 */;


# Dump of table cancer
# ------------------------------------------------------------

DROP TABLE IF EXISTS `cancer`;

CREATE TABLE `cancer` (
  `cancerid` int(11) NOT NULL AUTO_INCREMENT,
  `cancername` varchar(100) NOT NULL DEFAULT '',
  `cancertype` varchar(100) NOT NULL DEFAULT '',
  `icdcode` varchar(11) DEFAULT NULL,
  PRIMARY KEY (`cancerid`)
) ENGINE=InnoDB DEFAULT CHARSET=latin1;

LOCK TABLES `cancer` WRITE;
/*!40000 ALTER TABLE `cancer` DISABLE KEYS */;

INSERT INTO `cancer` (`cancerid`, `cancername`, `cancertype`, `icdcode`)
VALUES
	(1,'Malignant Neoplasm of Lip','Malignant Neoplasms of Lip, Oral Cavity and Pharynx','C00'),
	(2,'Malignant Neoplasm of Base of Tongue','Malignant Neoplasms of Lip, Oral Cavity and Pharynx','C01'),
	(3,'Malignant Neoplasm of Other and Unspecified parts of Tongue','Malignant Neoplasms of Lip, Oral Cavity and Pharynx','C02'),
	(4,'Malignant Neoplasm of Gum','Malignant Neoplasms of Lip, Oral Cavity and Pharynx','C03'),
	(5,'Malignant Neoplasm of Floor of Mouth','Malignant Neoplasms of Lip, Oral Cavity and Pharynx','C04'),
	(6,'Malignant Neoplasm of Palate','Malignant Neoplasms of Lip, Oral Cavity and Pharynx','C05'),
	(7,'Malignant Neoplasm of Other and Unspecified parts of Mouth','Malignant Neoplasms of Lip, Oral Cavity and Pharynx','C06'),
	(8,'Malignant Neoplasm of Paroid Gland','Malignant Neoplasms of Lip, Oral Cavity and Pharynx','C07'),
	(9,'Malignant Neoplasm of Other and Unspecified major salivary glands','Malignant Neoplasms of Lip, Oral Cavity and Pharynx','C08'),
	(10,'Malignant Neoplasm of Tonsil','Malignant Neoplasms of Lip, Oral Cavity and Pharynx','C09'),
	(11,'Malignant Neoplasm of Oropharynx','Malignant Neoplasms of Lip, Oral Cavity and Pharynx','C10'),
	(12,'Malignant Neoplasm of Nasopharynx','Malignant Neoplasms of Lip, Oral Cavity and Pharynx','C11'),
	(13,'Malignant Neoplasm of Pyriform Sinus','Malignant Neoplasms of Lip, Oral Cavity and Pharynx','C12'),
	(14,'Malignant Neoplasm of Hypopharynx','Malignant Neoplasms of Lip, Oral Cavity and Pharynx','C13'),
	(15,'Malignant Neoplasm of Other and ill-defined sites in the Lip, Oral Cavity and Pharynx','Malignant Neoplasms of Lip, Oral Cavity and Pharynx','C14'),
	(16,'Malignant Neoplasm of Esophagus','Malignant Neoplasms of Digestive Organs','C15'),
	(17,'Malignant Neoplasm of Stomach','Malignant Neoplasms of Digestive Organs','C16'),
	(18,'Malignant Neoplasm of Small Intestine','Malignant Neoplasms of Digestive Organs','C17'),
	(19,'Malignant Neoplasm of Colon','Malignant Neoplasms of Digestive Organs','C18'),
	(20,'Malignant Neoplasm of Rectosigmoid Junction','Malignant Neoplasms of Digestive Organs','C19'),
	(21,'Malignant Neoplasm of Rectum','Malignant Neoplasms of Digestive Organs','C20'),
	(22,'Malignant Neoplasm of Anus and Anal Canal','Malignant Neoplasms of Digestive Organs','C21'),
	(23,'Malignant Neoplasm of Liver and Intrahepatic Bile Ducts','Malignant Neoplasms of Digestive Organs','C22'),
	(24,'Malignant Neoplasm of Gallbladder','Malignant Neoplasms of Digestive Organs','C23'),
	(25,'Malignant Neoplasm of Other and Unspecified parts of Biliary Tract','Malignant Neoplasms of Digestive Organs','C24'),
	(26,'Malignant Neoplasm of Pancreas','Malignant Neoplasms of Digestive Organs','C25'),
	(27,'Malignant Neoplasm of Other and ill-defined Digestive Organs','Malignant Neoplasms of Digestive Organs','C26'),
	(31,'Malignant Neoplasm of Nasal Cavity and Middle Ear','Malignant Neoplasms of Respiratory and Intrathoracic Organs','C30'),
	(32,'Malignant Neoplasm of Accessory Sinuses','Malignant Neoplasms of Respiratory and Intrathoracic Organs','C31'),
	(33,'Malignant Neoplasm of Larynx','Malignant Neoplasms of Respiratory and Intrathoracic Organs','C32'),
	(34,'Malignant Neoplasm of Trachea','Malignant Neoplasms of Respiratory and Intrathoracic Organs','C33'),
	(35,'Malignant Neoplasm of Bronchus and Lung','Malignant Neoplasms of Respiratory and Intrathoracic Organs','C34'),
	(38,'Malignant Neoplasm of Thymus','Malignant Neoplasms of Respiratory and Intrathoracic Organs','C37'),
	(39,'Malignant Neoplasm of Heart, Mediastinum and Pleura','Malignant Neoplasms of Respiratory and Intrathoracic Organs','C38'),
	(40,'Malignant Neoplasm of Other and ill-defined Sites in the Respiratory System and Intrathoracic','Malignant Neoplasms of Respiratory and Intrathoracic Organs','C39'),
	(41,'Malignant Neoplasm of Bone and Articular Cartilage of Limbs','Malignant Neoplasms of Bone and Articular Cartilage','C40'),
	(42,'Malignant Neoplasm of Bone and Articular Cartilage of Other and Unspecified Sites','Malignant Neoplasms of Bone and Articular Cartilage','C41'),
	(44,'Malignant Melanoma of Skin','Melanoma and Other Malignant Neoplasms of Skin','C43'),
	(45,'Merkel Cell Carcinoma','Melanoma and Other Malignant Neoplasms of Skin','C4A'),
	(46,'Other and Unspecified Malignant Neoplasm of Skin','Melanoma and Other Malignant Neoplasms of Skin','C44'),
	(47,'Mesothelioma','Malignant Neoplasms of Mesothelial and Soft Tissue','C45'),
	(48,'Kaposi\'s Sarcoma','Malignant Neoplasms of Mesothelial and Soft Tissue','C46'),
	(49,'Malignant Neoplasm of Peripheral Nerves and Autonomic Nervous System','Malignant Neoplasms of Mesothelial and Soft Tissue','C47'),
	(50,'Malignant Neoplasm of Retroperitoneum and Peritoneum','Malignant Neoplasms of Mesothelial and Soft Tissue','C48'),
	(51,'Malignant Neoplasm of Other Connective and Soft Tissue','Malignant Neoplasms of Mesothelial and Soft Tissue','C49'),
	(52,'Malignant Neoplasm of Breast','Malignant Neoplasms of Breast','C50'),
	(53,'Malignant Neoplasm of Vulva','Malignant Neoplasms of Female Genital Organs','C51'),
	(54,'Malignant Neoplasm of Vagina','Malignant Neoplasms of Female Genital Organs','C52'),
	(55,'Malignant Neoplasm of Cervix of Uteri','Malignant Neoplasms of Female Genital Organs','C53'),
	(56,'Malignant Neoplasm of Corpus Uteri','Malignant Neoplasms of Female Genital Organs','C54'),
	(57,'Malignant Neoplasm of Uterus, part Unspecified','Malignant Neoplasms of Female Genital Organs','C55'),
	(58,'Malignant Neoplasm of Ovary','Malignant Neoplasms of Female Genital Organs','C56'),
	(59,'Malignant Neoplasm of Other and Unspecified Female Genital Organda','Malignant Neoplasms of Female Genital Organs','C57'),
	(60,'Malignant Neoplasm of Placenta','Malignant Neoplasms of Female Genital Organs','C58'),
	(62,'Malignant Neoplasm of Penis','Malignant Neoplasms of Male Genital Organs','C60'),
	(63,'Malignant Neoplasm of Prostate','Malignant Neoplasms of Male Genital Organs','C61'),
	(64,'Malignant Neoplasm of Testis','Malignant Neoplasms of Male Genital Organs','C62'),
	(65,'Malignant Neoplasm of Other and Unspecified Male Genital Organs','Malignant Neoplasms of Male Genital Organs','C63'),
	(66,'Malignant Neoplasm of Kidney, EXCEPT Renal Pelvis','Malignant Neoplasms of Urinary Tract','C64'),
	(67,'Malignant Neoplasm of Renal Pelvis','Malignant Neoplasms of Urinary Tract','C65'),
	(68,'Malignant Neoplasm of Ureter','Malignant Neoplasms of Urinary Tract','C66'),
	(69,'Malignant Neoplasm of Bladder','Malignant Neoplasms of Urinary Tract','C67'),
	(70,'Malignant Neoplasm of Other and Unspecified Urinary Organs','Malignant Neoplasms of Urinary Tract','C68'),
	(71,'Malignant Neoplasm of Eye and Adnexa','Malignant Neoplasms of Eye, Brain and Other parts of Central Nervous System','C69'),
	(72,'Malignant Neoplasm of Meninges','Malignant Neoplasms of Eye, Brain and Other parts of Central Nervous System','C70'),
	(73,'Malignant Neoplasm of Brain','Malignant Neoplasms of Eye, Brain and Other parts of Central Nervous System','C71'),
	(74,'Malignant Neoplasm of Spinal Cord, Cranial Nerves and Other parts of Central Nervous System','Malignant Neoplasms of Eye, Brain and Other parts of Central Nervous System','C72'),
	(75,'Malignant Neoplasm of Thyroid Gland','Malignant Neoplasms of Thyroid and Other Endocrine Glands','C73'),
	(76,'Malignant Neoplasm of Adrenal Gland','Malignant Neoplasms of Thyroid and Other Endocrine Glands','C74'),
	(77,'Malignant Neoplasm of Other Endocrine Glands and Related Structures','Malignant Neoplasms of Thyroid and Other Endocrine Glands','C75'),
	(78,'Malignant Neuroendocrine Tumors','Malignant Neuroendocrine Tumors','C7A'),
	(79,'Secondary Neuroendocrine Tumors','Secondary Neuroendocrine Tumors','C7B'),
	(80,'Other and ill-defined Sites','Malignant Neoplasms of ill-defined, Other Secondary and Unspecified Sites','C76'),
	(81,'Secondary Malignant Neoplasm of Lymph Nodes','Malignant Neoplasms of ill-defined, Other Secondary and Unspecified Sites','C77'),
	(82,'Secondary Malignant Neoplasm of Respiratory and Digestive Organs','Malignant Neoplasms of ill-defined, Other Secondary and Unspecified Sites','C78'),
	(83,'Secondary Malignant Neoplasm of Other and Unspecified Sites','Malignant Neoplasms of ill-defined, Other Secondary and Unspecified Sites','C79'),
	(84,'Malignant Neoplasm Without Specification of Site','Malignant Neoplasms of ill-defined, Other Secondary and Unspecified Sites','C80'),
	(85,'Hodgkin Lymphoma','Malignant Neoplasms of Lymphoid, Hematopoietic and Related Tissue','C81'),
	(86,'Follicular Lymphoma','Malignant Neoplasms of Lymphoid, Hematopoietic and Related Tissue','C82'),
	(87,'Non-Follicular Lymphoma','Malignant Neoplasms of Lymphoid, Hematopoietic and Related Tissue','C83'),
	(88,'Mature T/NK-Cell Lymphomas','Malignant Neoplasms of Lymphoid, Hematopoietic and Related Tissue','C84'),
	(89,'Other Specified and Unspecified Types of Non-Hodgkin Lymphoma','Malignant Neoplasms of Lymphoid, Hematopoietic and Related Tissue','C85'),
	(90,'Other Specified Types of T/NK-Cell Lymphoma','Malignant Neoplasms of Lymphoid, Hematopoietic and Related Tissue','C86'),
	(92,'Malignant Immunoproliferative Diseases and certain other B-Cell Lymphomas','Malignant Neoplasms of Lymphoid, Hematopoietic and Related Tissue','C88'),
	(94,'Multiple Myeloma and Malignant Plasma Cell Neoplasms','Malignant Neoplasms of Lymphoid, Hematopoietic and Related Tissue','C90'),
	(95,'Lymphoid Leukemia','Malignant Neoplasms of Lymphoid, Hematopoietic and Related Tissue','C91'),
	(96,'Myeloid Leukemia','Malignant Neoplasms of Lymphoid, Hematopoietic and Related Tissue','C92'),
	(97,'Monocytic Leukemia','Malignant Neoplasms of Lymphoid, Hematopoietic and Related Tissue','C93'),
	(98,'Other Leukemias of Specified Cell Type','Malignant Neoplasms of Lymphoid, Hematopoietic and Related Tissue','C94'),
	(99,'Leukemia of Unspecified Cell Type','Malignant Neoplasms of Lymphoid, Hematopoietic and Related Tissue','C95'),
	(100,'Other and Unspecified Malignant Neoplasms of Lymphoid, Hematopoietic and Related Tissue','Malignant Neoplasms of Lymphoid, Hematopoietic and Related Tissue','C96'),
	(101,'Carcinoma in situ of Oral Cavity, Esophagus and Stomach','In situ Neoplasms','D00'),
	(102,'Carcinoma in situ of Other and Unspecified Digestive Organs','In situ Neoplasms','D01'),
	(103,'Carcinoma in situ of Middle Ear and Respiratory System','In situ Neoplasms','D02'),
	(104,'Melanoma in situ','In situ Neoplasms','D03'),
	(105,'Carcinoma in situ of Skin','In situ Neoplasms','D04'),
	(106,'Carcinoma in situ of Breast','In situ Neoplasms','D05'),
	(107,'Carcinoma in situ of Cervix Uteri','In situ Neoplasms','D06'),
	(108,'Carcinoma in situ of Other and Unspecified Genital Organs','In situ Neoplasms','D07'),
	(109,'Carcinoma in situ of Other and Unspecified Sites','In situ Neoplasms','D09'),
	(110,'Benign Neoplasm of Mouth and Pharynx','Benign Neoplasms except Benign Neuroendocrine Tumor','D10'),
	(111,'Benign Neoplasm of Major Salivary Glands','Benign Neoplasms except Benign Neuroendocrine Tumor','D11'),
	(112,'Benign Neoplasm of Colon, Rectum, Anus and Anal Canal','Benign Neoplasms except Benign Neuroendocrine Tumor','D12'),
	(113,'Benign Neoplasm of Other and ill-defined parts of Digestive System','Benign Neoplasms except Benign Neuroendocrine Tumor','D13'),
	(114,'Benign Neoplasm of Middle Ear and Respiratory System','Benign Neoplasms except Benign Neuroendocrine Tumor','D14'),
	(115,'Benign Neoplasm of Other and Unspecified Intrathoracic Organs','Benign Neoplasms except Benign Neuroendocrine TumorBenign Neoplasms except Benign Neuroendocrine Tum','D15'),
	(116,'Benign Neoplasm of Bone and Articular Cartilage','Benign Neoplasms except Benign Neuroendocrine TumorBenign Neoplasms except Benign Neuroendocrine Tum','D16'),
	(117,'Benign Limpomatous Neoplasm','Benign Neoplasms except Benign Neuroendocrine Tumor','D17'),
	(118,'Hemangioma and Lymphangioma, any site','Benign Neoplasms except Benign Neuroendocrine Tumor','D18'),
	(119,'Benign Neoplasm of Mesothelial Tissue','Benign Neoplasms except Benign Neuroendocrine Tumor','D19'),
	(120,'Benign Neoplasm of Soft Tissue of Retroperitoneum and Peritoneum','Benign Neoplasms except Benign Neuroendocrine Tumor','D20'),
	(121,'Other Benign Neoplasms of Connective and Other Soft Tissue','Benign Neoplasms except Benign Neuroendocrine Tumor','D21'),
	(122,'Melanocytic Nevi','Benign Neoplasms except Benign Neuroendocrine Tumor','D22'),
	(123,'Other Benign Neoplasms of Skin','Benign Neoplasms except Benign Neuroendocrine Tumor','D23'),
	(124,'Benign Neoplasm of Breast','Benign Neoplasms except Benign Neuroendocrine Tumor','D24'),
	(125,'Leiomyoma of Uterus','Benign Neoplasms except Benign Neuroendocrine Tumor','D25'),
	(126,'Other Benign Neoplasms of Uterus','Benign Neoplasms except Benign Neuroendocrine Tumor','D26'),
	(127,'Benign Neoplasm of Ovary','Benign Neoplasms except Benign Neuroendocrine TumorBenign Neoplasms except Benign Neuroendocrine Tum','D27'),
	(128,'Benign Neoplasm of Other and Unspecified Female Genital Organs','Benign Neoplasms except Benign Neuroendocrine Tumor','D28'),
	(129,'Benign Neoplasm of Male Genital Organs','Benign Neoplasms except Benign Neuroendocrine Tumor','D29'),
	(130,'Benign Neoplasm of Urinary Organs','Benign Neoplasms except Benign Neuroendocrine Tumor','D30'),
	(131,'Benign Neoplasm of Eye and Adnexa','Benign Neoplasms except Benign Neuroendocrine Tumor','D31'),
	(132,'Benign Neoplasm of Meninges','Benign Neoplasms except Benign Neuroendocrine Tumor','D32'),
	(133,'Benign Neoplasm of Brain and Other Parts of Central Nervous System','Benign Neoplasms except Benign Neuroendocrine Tumor','D33'),
	(134,'Benign Neoplasm of Thyroid Gland','Benign Neoplasms except Benign Neuroendocrine Tumor','D34'),
	(135,'Benign Neoplasm of Other and Unspecified Endocrine Glands','Benign Neoplasms except Benign Neuroendocrine Tumor','D35'),
	(136,'Benign Neoplasm of Other and Unspecified Sites','Benign Neoplasms except Benign Neuroendocrine Tumor','D36'),
	(137,'Benign Neuroendocrine Tumors','Benign Neuroendocrine Tumors','D3A'),
	(138,'Neoplasm of Uncertain Behavior of Oral Cavity and Digestive Organs','Polycythemia Vera and Myelodysplastic Syndromes','D37'),
	(139,'Neoplasm of Uncertain Behavior of Middle Ear and Respiratory and Intrathoracic Organs','Polycythemia Vera and Myelodysplastic Syndromes','D38'),
	(140,'Neoplasm of Uncertain Behavior of Female Genital Organs','Polycythemia Vera and Myelodysplastic Syndromes','D39'),
	(141,'Neoplasm of Uncertain Behavior of Male Genital Organs','Polycythemia Vera and Myelodysplastic Syndromes','D40'),
	(142,'Neoplasm of Uncertain Behavior of Urinary Organs','Polycythemia Vera and Myelodysplastic Syndromes','D41'),
	(143,'Neoplasm of Uncertain Behavior of Meninges','Polycythemia Vera and Myelodysplastic Syndromes','D42'),
	(144,'Neoplasm of Uncertain Behavior of Brain and Central Nervous System','Polycythemia Vera and Myelodysplastic Syndromes','D43'),
	(145,'Neoplasm of Uncertain Behavior of Endocrine Glands','Polycythemia Vera and Myelodysplastic Syndromes','D44'),
	(146,'Polycythemia Vera','Polycythemia Vera and Myelodysplastic Syndromes','D45'),
	(147,'Myelodysplastic Syndromes','Polycythemia Vera and Myelodysplastic Syndromes','D46'),
	(148,'Other Neoplasms of Uncertain Behavior of Lymphoid, Hematopoietic and Related Tissue','Polycythemia Vera and Myelodysplastic Syndromes','D47'),
	(149,'Neoplasm of Uncertain Behavior of Other and Unspecified Sites','Polycythemia Vera and Myelodysplastic Syndromes','D48'),
	(150,'Neoplasms of Unspecified Behavior','Unspecified Behavior','D49');

/*!40000 ALTER TABLE `cancer` ENABLE KEYS */;
UNLOCK TABLES;


# Dump of table countries
# ------------------------------------------------------------

DROP TABLE IF EXISTS `countries`;

CREATE TABLE `countries` (
  `id` int(11) unsigned NOT NULL AUTO_INCREMENT,
  `country` text,
  `nationality` text,
  PRIMARY KEY (`id`)
) ENGINE=InnoDB DEFAULT CHARSET=latin1;

LOCK TABLES `countries` WRITE;
/*!40000 ALTER TABLE `countries` DISABLE KEYS */;

INSERT INTO `countries` (`id`, `country`, `nationality`)
VALUES
	(2,'Afghanistan','Afghan'),
	(3,'Albania','Albanian'),
	(4,'Algeria','Algerian'),
	(5,'Andorra','Andorran'),
	(6,'Angola','Angolan'),
	(7,'Antigua and Barbuda','Antiguan'),
	(8,'Argentina','Argentine'),
	(9,'Armenia','Armenian'),
	(10,'Australia','Australian'),
	(11,'Austria','Austrian'),
	(12,'Azerbaijan','Azerbaijani'),
	(13,'Bahamas','Bahamian'),
	(14,'Bahrain','Bahraini'),
	(15,'Bangladesh','Bangladeshi'),
	(16,'Barbados','Barbadian'),
	(17,'Belarus','Belarusian'),
	(18,'Belgium','Belgian'),
	(19,'Belize','Belizean'),
	(20,'Benin','Beninese'),
	(21,'Bhutan','Bhutanese'),
	(22,'Bolivia','Bolivian'),
	(23,'Bosnia and Herzegovina','Bosnian'),
	(24,'Botswana','Motswana'),
	(25,'Brazil','Brazilian'),
	(26,'Brunei Darussalam','Bruneian'),
	(27,'Bulgaria','Bulgarian'),
	(28,'Burkina Faso','Burkinabe'),
	(29,'Burundi','Burundian'),
	(30,'Without Nationality','Bidoun'),
	(31,'Cambodia','Cambodian'),
	(32,'Cameroon','Cameroonian'),
	(33,'Canada','Canadian'),
	(34,'Cape Verde','Cape Verdean'),
	(35,'Central African Republic','Central African'),
	(36,'Chad','Chadian'),
	(37,'Chile','Chilean'),
	(38,'China','Chinese'),
	(39,'Colombia','Colombian'),
	(40,'Comoros','Comoran'),
	(41,'Congo','Congolese'),
	(42,'Cook Islands','Cook Islander'),
	(43,'Costa Rica','Costa Rican'),
	(44,'Côte d\'Ivoire','Ivorian'),
	(45,'Croatia','Croatian'),
	(46,'Cuba','Cuban'),
	(47,'Cyprus','Cypriot'),
	(48,'Czech Republic','Czech'),
	(49,'Democratic People\'s Republic of Korea','Korean'),
	(50,'Democratic Republic of the Congo','Congolese'),
	(51,'Denmark','Danish'),
	(52,'Djibouti','Djiboutian'),
	(53,'Dominica','Dominican'),
	(54,'Dominican Republic','Dominican'),
	(55,'Ecuador','Ecuadorian'),
	(56,'Egypt','Egyptian'),
	(57,'El Salvador','Salvadoran'),
	(58,'Equatorial Guinea','Equatoguinean'),
	(59,'Eritrea','Eritrean'),
	(60,'Estonia','Estonian'),
	(61,'Ethiopia','Ethiopian'),
	(62,'Fiji','Fijian'),
	(63,'Finland','Finnish'),
	(64,'France','French'),
	(65,'Gabon','Gabonese'),
	(66,'Gambia','Gambian'),
	(67,'Georgia','Georgian'),
	(68,'Germany','German'),
	(69,'Ghana','Ghanaian'),
	(70,'Greece','Greek'),
	(71,'Grenada','Grenadian'),
	(72,'Guatemala','Guatemalan'),
	(73,'Guinea','Guinean'),
	(74,'Guinea-Bissau','Guinean'),
	(75,'Guyana','Guyanese'),
	(76,'Haiti','Haitian'),
	(77,'Honduras','Honduran'),
	(78,'Hungary','Hungarian'),
	(79,'Iceland','Icelandic'),
	(80,'India','Indian'),
	(81,'Indonesia','Indonesian'),
	(82,'Iran','Iranian'),
	(83,'Iraq','Iraqi'),
	(84,'Ireland','Irish'),
	(85,'Israel','Israeli'),
	(86,'Italy','Italian'),
	(87,'Jamaica','Jamaican'),
	(88,'Japan','Japanese'),
	(89,'Jordan','Jordanian'),
	(90,'Kazakhstan','Kazakhstani'),
	(91,'Kenya','Kenyan'),
	(92,'Kiribati','I-Kiribati'),
	(93,'Kuwait','Kuwaiti'),
	(94,'Kyrgyzstan','Kyrgyzstani'),
	(95,'Lao People\'s Democratic Republic','Laotian'),
	(96,'Latvia','Latvian'),
	(97,'Lebanon','Lebanese'),
	(98,'Lesotho','Basotho'),
	(99,'Liberia','Liberian'),
	(100,'Libyan Arab Jamahiriya','Libyan'),
	(101,'Lithuania','Lithuanian'),
	(102,'Luxembourg','Luxembourg'),
	(103,'Madagascar','Malagasy'),
	(104,'Malawi','Malawian'),
	(105,'Malaysia','Malaysian'),
	(106,'Maldives','Maldivian'),
	(107,'Mali','Malian'),
	(108,'Malta','Maltese'),
	(109,'Marshall Islands','Marshallese'),
	(110,'Mauritania','Mauritanian'),
	(111,'Mauritius','Mauritian'),
	(112,'Mexico','Mexican'),
	(113,'Micronesia','Micronesian'),
	(114,'Monaco','Monegasque'),
	(115,'Mongolia','Mongolian'),
	(116,'Montenegro','Montenegrin'),
	(117,'Morocco','Moroccan'),
	(118,'Mozambique','Mozambican'),
	(119,'Myanmar','Myanmarese'),
	(120,'Namibia','Namibian'),
	(121,'Nauru','Nauruan'),
	(122,'Nepal','Nepalese'),
	(123,'Netherlands','Dutch'),
	(124,'New Zealand','New Zealand'),
	(125,'Nicaragua','Nicaraguan'),
	(126,'Niger','Nigerien'),
	(127,'Nigeria','Nigerian'),
	(128,'Niue','Niuean'),
	(129,'Norway','Norwegian'),
	(130,'Oman','Omani'),
	(131,'Pakistan','Pakistani'),
	(132,'Palestine','Palestinian'),
	(133,'Palau','Palauan'),
	(134,'Panama','Panamanian'),
	(135,'Papua New Guinea','Papua New Guinean'),
	(136,'Paraguay','Paraguayan'),
	(137,'Peru','Peruvian'),
	(138,'Philippines','Philippine'),
	(139,'Poland','Polish'),
	(140,'Portugal','Portuguese'),
	(141,'Qatar','Qatari'),
	(142,'Republic of Korea','Korean'),
	(143,'Republic of Moldova','Moldovan'),
	(144,'Romania','Romanian'),
	(145,'Russian Federation','Russian'),
	(146,'Rwanda','Rwandan'),
	(147,'Saint Kitts and Nevis','Kittitian'),
	(148,'Saint Lucia','Saint Lucian'),
	(149,'Saint Vincent and the Grenadines','Vincentian'),
	(150,'Samoa','Samoan'),
	(151,'San Marino','Sammarinese'),
	(152,'Sao Tome and Principe','Sao Tomean'),
	(153,'Saudi Arabia','Saudi'),
	(154,'Senegal','Senegalese'),
	(155,'Serbia ','Serbian'),
	(156,'Seychelles','Seychellois'),
	(157,'Sierra Leone','Sierra Leonean'),
	(158,'Singapore','Singapore'),
	(159,'Slovakia','Slovak'),
	(160,'Slovenia','Slovenian'),
	(161,'Solomon Islands','Solomon Islander'),
	(162,'Somalia','Somali'),
	(163,'South Africa','South African'),
	(164,'Spain','Spanish'),
	(165,'Sri Lanka','Sri Lankan'),
	(166,'Sudan','Sudanese'),
	(167,'Suriname','Surinamese'),
	(168,'Swaziland','Swazi'),
	(169,'Sweden','Swedish'),
	(170,'Switzerland','Swiss'),
	(171,'Syrian Arab Republic','Syrian'),
	(172,'Tajikistan','Tajikistani'),
	(173,'Thailand','Thai'),
	(174,'The former Yugoslav Republic of Macedonia','Macedonian'),
	(175,'Timor-Leste','Timorese'),
	(176,'Togo','Togolese'),
	(177,'Tonga','Tongan'),
	(178,'Trinidad and Tobago','Trinidadian'),
	(179,'Tunisia','Tunisian'),
	(180,'Turkey','Turkish'),
	(181,'Turkmenistan','Turkmen'),
	(182,'Tuvalu','Tuvaluan'),
	(183,'Uganda','Ugandan'),
	(184,'Ukraine','Ukrainian'),
	(185,'United Arab Emirates','Emirati'),
	(186,'United Kingdom','British'),
	(187,'United Republic of Tanzania','Tanzanian'),
	(188,'United States of America','American'),
	(189,'Uruguay','Uruguayan'),
	(190,'Uzbekistan','Uzbek'),
	(191,'Vanuatu','Ni-Vanuatu'),
	(192,'Venezuela','Venezuelan'),
	(193,'Viet Nam','Vietnamese'),
	(194,'Western Sahara','Sahrawian'),
	(195,'Yemen','Yemeni'),
	(196,'Zambia','Zambian'),
	(197,'Zimbabwe','Zimbabwean');

/*!40000 ALTER TABLE `countries` ENABLE KEYS */;
UNLOCK TABLES;


# Dump of table diagnosis
# ------------------------------------------------------------

DROP TABLE IF EXISTS `diagnosis`;

CREATE TABLE `diagnosis` (
  `diagnosisid` int(11) NOT NULL AUTO_INCREMENT,
  `PatientID` int(11) NOT NULL,
  `diagnosis` varchar(500) DEFAULT NULL,
  `date` timestamp NULL DEFAULT NULL,
  `staffid` int(11) DEFAULT NULL,
  PRIMARY KEY (`diagnosisid`),
  UNIQUE KEY `PatientID` (`PatientID`),
  UNIQUE KEY `staffid` (`staffid`),
  CONSTRAINT `diagnosis_ibfk_1` FOREIGN KEY (`PatientID`) REFERENCES `patient` (`patientID`) ON DELETE CASCADE ON UPDATE CASCADE,
  CONSTRAINT `diagnosis_ibfk_2` FOREIGN KEY (`staffid`) REFERENCES `staffs` (`staffid`) ON DELETE CASCADE ON UPDATE CASCADE
) ENGINE=InnoDB DEFAULT CHARSET=latin1;



# Dump of table histology
# ------------------------------------------------------------

DROP TABLE IF EXISTS `histology`;

CREATE TABLE `histology` (
  `histologyid` int(11) unsigned NOT NULL AUTO_INCREMENT,
  `histologycode` int(11) DEFAULT NULL,
  `histologyvalue` varchar(50) DEFAULT NULL,
  PRIMARY KEY (`histologyid`)
) ENGINE=InnoDB DEFAULT CHARSET=latin1;

LOCK TABLES `histology` WRITE;
/*!40000 ALTER TABLE `histology` DISABLE KEYS */;

INSERT INTO `histology` (`histologyid`, `histologycode`, `histologyvalue`)
VALUES
	(1,8000,'Neoplasm, malignant'),
	(2,8001,'Tumor cells, malignant'),
	(3,8002,'Malignant tumor, small cell type'),
	(4,8003,'Malignant tumor, giant cell type'),
	(5,8004,'Malignant tumor, spindle cell type'),
	(6,8005,'Malignant tumor, clear cell type'),
	(7,8010,'Carcinoma, NOS'),
	(8,8011,'Epithelioma, malignant'),
	(9,8012,'Large cell carcinoma, NOS'),
	(10,8013,'Large cell neuroendocrine carcinoma'),
	(11,8014,'Large cell carcinoma with rhabdoid phenotype'),
	(12,8015,'Glassy cell carcinoma'),
	(13,8020,'Carcinoma, undifferentiated, NOS'),
	(14,8021,'Carcinoma, anaplastic, NOS'),
	(15,8022,'Pleomorphic carcinoma'),
	(16,8030,'Giant cell and spindle cell carcinoma'),
	(17,8031,'Giant cell carcinoma'),
	(18,8032,'Spindle cell carcinoma, NOS'),
	(19,8033,'Pseudosarcomatous carcinoma'),
	(20,8034,'Polygonal cell carcinoma'),
	(21,8035,'Carcinoma with osteoclast-like giant cells'),
	(22,8040,'Tumorlet, NOS'),
	(23,8041,'Small cell carcinoma, NOS'),
	(24,8042,'Oat cell carcinoma'),
	(25,8043,'Small cell carcinoma, fusiform cell'),
	(26,8044,'Small cell carcinoma, intermediate cell'),
	(27,8045,'Combined small cell carcinoma'),
	(28,8046,'Non-small cell carcinoma'),
	(29,8050,'Papillary carcinoma, NOS'),
	(30,8051,'Verrucous carcinoma, NOS'),
	(31,8052,'Papillary squamous cell carcinoma'),
	(32,8053,'Squamous cell papilloma, inverted'),
	(33,8060,'Squamous papillomatosis'),
	(34,8070,'Squamous cell carcinoma, NOS'),
	(35,8071,'Squamous cell carcinoma, keratinizing, NOS'),
	(36,8072,'Squamous cell carcinoma, large cell, nonkerating, '),
	(37,8073,'Squamous cell carcinoma, small cell, nonkerating'),
	(38,8074,'Squamous cell carcinoma, spindle cell'),
	(39,8075,'Squamous cell carcinoma, adenoid'),
	(40,8076,'Squamous cell carcinoma, microinvasive'),
	(41,8077,'Squamous intraepithelial neoplasia, grade III'),
	(42,8078,'Squamous cell carcinoma with horn formation'),
	(43,8080,'Queyrat erythroplasia'),
	(44,8081,'Bowen disease'),
	(45,8082,'Lymphoepithelial carcinoma'),
	(46,8083,'Basaloid squamous cell carcinoma'),
	(47,8084,'Squamous cell carcinoma, clear cell type'),
	(48,8090,'Basal cell carcinoma, NOS'),
	(49,8091,'Multifocal superficial basal cell carcinoma'),
	(50,8092,'Infiltrating basal cell carcinoma, NOS'),
	(51,8093,'Basal cell carcinoma, fibroepithelial'),
	(52,8094,'Basosquamous carcinoma'),
	(53,8095,'Metatypical carcinoma'),
	(54,8096,'Intraepidermal epithelioma of Jadassohn'),
	(55,8097,'Basal cell carcinoma, nodular'),
	(56,8098,'Adenoid basal carcinoma'),
	(57,8100,'Trichoepithelioma'),
	(58,8101,'Trichofolliculoma'),
	(59,8102,'Trichilemmocarcinoma'),
	(60,8103,'Pilar tumor'),
	(61,8110,'Pilomatrix carcinoma'),
	(62,8120,'Transitional cell carcinoma, NOS'),
	(63,8121,'Schneiderian carcinoma'),
	(64,8122,'Transitional cell carcinoma, spindle cell'),
	(65,8123,'Basaloid carcinoma'),
	(66,8124,'Cloacogenic carcinoma'),
	(67,8130,'Papillary transitional cell carcinoma'),
	(68,8131,'Transitional cell carcinoma, micropapillary'),
	(69,8140,'Adenocarcinoma, NOS'),
	(70,8141,'Scirrhous adenocarcinoma'),
	(71,8142,'Linitis plastica'),
	(72,8143,'Superficial spreading adenocarcinoma'),
	(73,8144,'Adenocarcinoma, intestinal type'),
	(74,8145,'Carcinoma, diffuse type'),
	(75,8146,'Monomorphic adenoma'),
	(76,8147,'Basal cell adenocarcinoma'),
	(77,8148,'Glandular intraepithelial neoplasia, grade III'),
	(78,8149,'Canalicular adenoma'),
	(79,8150,'Islet cell carcinoma'),
	(80,8151,'Insulinoma, malignant'),
	(81,8152,'Glucagonoma, malignant'),
	(82,8153,'Gastrinoma, malignant'),
	(83,8154,'Mixed islet cell and exocrine adenocarcinoma'),
	(84,8155,'Vipoma, malignant'),
	(85,8156,'Somatostatinoma, malignant'),
	(86,8157,'Enteroglucagonoma, malignant'),
	(87,8160,'Cholangiocarcinoma'),
	(88,8161,'Bile duct cystadenocarcinoma'),
	(89,8162,'Klatskin tumor'),
	(90,8170,'Hepatocellular carcinoma, NOS'),
	(91,8171,'Hepatocellular carcinoma, fibrolamellar'),
	(92,8172,'Hepatocellular carcinoma, scirrhous'),
	(93,8173,'Hepatocellular carcinoma, spindle cell  variant'),
	(94,8174,'Hepatocellular carcinoma, clear cell type'),
	(95,8175,'Hepatocellular carcinoma, pleomorphic type'),
	(96,8180,'Combined hepatocellular carcinoma and cholangrcino'),
	(97,8190,'Trabecular adenocarcinoma'),
	(98,8191,'Embryonal adenoma'),
	(99,8200,'Adenoid cystic carcinoma'),
	(100,8201,'Cribriform carcinoma, NOS'),
	(101,8202,'Microcystic adenoma'),
	(102,8204,'Lactating adenoma'),
	(103,8210,'Adenocarcinoma in adenomatous polyp'),
	(104,8211,'Tubular adenocarcinoma'),
	(105,8212,'Flat adenoma'),
	(106,8213,'Serrated adenoma'),
	(107,8214,'Parietal cell carcinoma'),
	(108,8215,'Adenocarcinoma of anal glands'),
	(109,8220,'Adenocarcinoma in adenomatous polyposis  coli'),
	(110,8221,'Adenocarcinoma in multiple adenomatous  polyps'),
	(111,8230,'Solid carcinoma, NOS'),
	(112,8231,'Carcinoma simplex'),
	(113,8240,'Carcinoid tumor, NOS'),
	(114,8241,'Enterochromaffin cell carcinoid'),
	(115,8242,'Enterochromaffin-like cell tumor, malignant'),
	(116,8243,'Goblet cell carcinoid'),
	(117,8244,'Composite carcinoid'),
	(118,8245,'Adenocarcinoid tumor'),
	(119,8246,'Neuroendocrine carcinoma, NOS'),
	(120,8247,'Merkel cell carcinoma'),
	(121,8248,'Apudoma'),
	(122,8249,'A typical carcinoid tumor'),
	(123,8250,'Bronchiolo-alveolar adenocarcinoma, NOS'),
	(124,8251,'Alveolar adenocarcinoma'),
	(125,8252,'Bronchiolo-alveolar carcinoma, non-  mucinous'),
	(126,8253,'Bronchiolo-alveolar carcinoma, mucinous'),
	(127,8254,'Bronchiolo-alveolar carcinoma, mixed  mucinounon-m'),
	(128,8255,'Adenocarcinoma with mixed subtypes'),
	(129,8260,'Papillary adenocarcinoma, NOS'),
	(130,8261,'Adenocarcinoma in villous adenoma'),
	(131,8262,'Villous adenocarcinoma'),
	(132,8263,'Adenocarcinoma in tubulovillous adenoma'),
	(133,8264,'Papillomatosis, glandular'),
	(134,8270,'Chromophobe carcinoma'),
	(135,8271,'Prolactinoma'),
	(136,8272,'Pituitary carcinoma, NOS'),
	(137,8280,'Acidophil carcinoma'),
	(138,8281,'Mixed acidophil-basophil carcinoma'),
	(139,8290,'Oxyphilic adenocarcinoma'),
	(140,8300,'Basophil carcinoma'),
	(141,8310,'Clear cell adenocarcinoma, NOS'),
	(142,8311,'Hypernephroid tumor [obs]'),
	(143,8312,'Renal cell carcinoma, NOS'),
	(144,8313,'Clear cell adenocarcinofibroma'),
	(145,8314,'Lipid-rich carcinoma'),
	(146,8315,'Glycogen-rich carcinoma'),
	(147,8316,'Cyst-associated renal cell carcinoma'),
	(148,8317,'Renal cell carcinoma, chromophobe type'),
	(149,8318,'Renal cell carcinoma, sarcomatoid'),
	(150,8319,'Collecting duct carcinoma'),
	(151,8320,'Granular cell carcinoma'),
	(152,8321,'Chief cell adenoma'),
	(153,8322,'Water-clear cell adenocarcinoma'),
	(154,8323,'Mixed cell adenocarcinoma'),
	(155,8324,'Lipoadenoma'),
	(156,8325,'Metanephric adenoma'),
	(157,8330,'Follicular adenocarcinoma, NOS'),
	(158,8331,'Follicular adenocarcinoma, well differentiated'),
	(159,8332,'Follicular adenocarcinoma, trabecular'),
	(160,8333,'Fetal adenocarcinoma'),
	(161,8334,'Macrofollicular adenoma'),
	(162,8335,'Follicular carcinoma, minimally invasive'),
	(163,8336,'Hyalinizing trabecular adenoma'),
	(164,8337,'Insular carcinoma'),
	(165,8340,'Papillary carcinoma, follicular variant'),
	(166,8341,'Papillary microcarcinoma'),
	(167,8342,'Papillary carcinoma, oxyphilic cell'),
	(168,8343,'Papillary carcinoma, encapsulated'),
	(169,8344,'Papillary carcinoma, columnar cell'),
	(170,8345,'Medullary carcinoma with amyloid stroma'),
	(171,8346,'Mixed medullary-follicular carcinoma'),
	(172,8347,'Mixed medullary-papillary carcinoma'),
	(173,8350,'Nonencapsulated sclerosing carcinoma'),
	(174,8360,'Multiple endocrine adenomas'),
	(175,8361,'Juxtaglomerular tumor'),
	(176,8370,'Adrenal cortical carcinoma'),
	(177,8371,'Adrenal cortical adenoma, compact cell'),
	(178,8372,'Adrenal cortical adenoma, pigmented'),
	(179,8373,'Adrenal cortical adenoma, clear cell'),
	(180,8374,'Adrenal cortical adenoma, glomerulosa cell'),
	(181,8375,'Adrenal cortical adenoma, mixed cell'),
	(182,8380,'Endometrioid adenocarcinoma, NOS'),
	(183,8381,'Endometrioid adenofibroma, malignant'),
	(184,8382,'Endometrioid adenocarcinoma, secretory variant'),
	(185,8383,'Endometrioid adenocarcinoma, ciliated cell vat'),
	(186,8384,'Adenocarcinoma, endocervical type'),
	(187,8390,'Skin appendage carcinoma'),
	(188,8391,'Follicular fibroma'),
	(189,8392,'Syringofibroadenoma'),
	(190,8400,'Sweat gland adenocarcinoma'),
	(191,8401,'Apocrine adenocarcinoma'),
	(192,8402,'Nodular hidradenoma, malignant'),
	(193,8403,'Malignant eccrine spiradenoma'),
	(194,8404,'Hidrocystoma'),
	(195,8405,'Papillary hidradenoma'),
	(196,8406,'Papillary syringadenoma'),
	(197,8407,'Sclerosing sweat duct carcinoma'),
	(198,8408,'Eccrine papillary adenocarcinoma'),
	(199,8409,'Eccrine poroma, malignant'),
	(200,8410,'Sebaceous adenocarcinoma'),
	(201,8413,'Eccrine adenocarcinoma'),
	(202,8420,'Ceruminous adenocarcinoma'),
	(203,8430,'Mucoepidermoid carcinoma'),
	(204,8440,'Cystadenocarcinoma, NOS'),
	(205,8441,'Serous cystadenocarcinoma, NOS'),
	(206,8442,'Serous cystadenoma, borderline malignancy'),
	(207,8443,'Clear cell cystadenoma'),
	(208,8444,'Clear cell cystic tumor of borderline malignancy'),
	(209,8450,'Papillary cystadenocarcinoma, NOS'),
	(210,8451,'Papillary cystadenoma, borderline  malignancy'),
	(211,8452,'Solid pseudopapillary carcinoma'),
	(212,8453,'Intraductal papillary-mucinous carcinoma,  inve'),
	(213,8454,'Cystic tumor of atrio-ventricular node'),
	(214,8460,'Papillary serous cystadenocarcinoma'),
	(215,8461,'Serous surface papillary carcinoma'),
	(216,8462,'Serous papillary cystic tumor of borderline mnancy'),
	(217,8463,'Serous surface papillary tumor of borderline gnanc'),
	(218,8470,'Mucinous cystadenocarcinoma, NOS'),
	(219,8471,'Papillary mucinous cystadenocarcinoma'),
	(220,8472,'Mucinous cystic tumor of borderline malignancy'),
	(221,8473,'Papillary mucinous cystadenoma, borderline maancy'),
	(222,8480,'Mucinous adenocarcinoma'),
	(223,8481,'Mucin-producing adenocarcinoma'),
	(224,8482,'Mucinous adenocarcinoma, endocervical type'),
	(225,8490,'Signet ring cell carcinoma'),
	(226,8500,'Infiltrating duct carcinoma, NOS'),
	(227,8501,'Comedocarcinoma, NOS'),
	(228,8502,'Secretory carcinoma of breast'),
	(229,8503,'Intraductal papillary adenocarcinoma with invn'),
	(230,8504,'Intracystic carcinoma, NOS'),
	(231,8505,'Intraductal papillomatosis, NOS'),
	(232,8506,'Adenoma of nipple'),
	(233,8507,'Intraductal micropapillary carcinoma'),
	(234,8508,'Cystic hypersecretory carcinoma'),
	(235,8510,'Medullary carcinoma, NOS'),
	(236,8512,'Medullary carcinoma with lymphoid stroma'),
	(237,8513,'Atypical medullary carcinoma'),
	(238,8514,'Duct carcinoma, desmoplastic type'),
	(239,8520,'Lobular carcinoma, NOS'),
	(240,8521,'Infiltrating ductular carcinoma'),
	(241,8522,'Infiltrating duct and lobular carcinoma'),
	(242,8523,'Infiltrating duct mixed with other types of cnoma'),
	(243,8524,'Infiltrating lobular mixed with other types orcino'),
	(244,8525,'Polymorphous low grade adenocarcinoma'),
	(245,8530,'Inflammatory carcinoma'),
	(246,8540,'Paget disease, mammary'),
	(247,8541,'Paget disease and infiltrating duct carcinomabreas'),
	(248,8542,'Paget disease, extramammary (except Paget disof bo'),
	(249,8543,'Paget disease and intraductal carcinoma of breast'),
	(250,8550,'Acinar cell carcinoma'),
	(251,8551,'Acinar cell cystadenocarcinoma'),
	(252,8560,'Adenosquamous carcinoma'),
	(253,8561,'Adenolymphoma'),
	(254,8562,'Epithelial-myoepithelial carcinoma'),
	(255,8570,'Adenocarcinoma with squamous metaplasia'),
	(256,8571,'Adenocarcinoma with cartilaginous and osseousaplas'),
	(257,8572,'Adenocarcinoma with spindle cell metaplasia'),
	(258,8573,'Adenocarcinoma with apocrine metaplasia'),
	(259,8574,'Adenocarcinoma with neuroendocrine differentin'),
	(260,8575,'Metaplastic carcinoma, NOS'),
	(261,8576,'Hepatoid adenocarcinoma'),
	(262,8580,'Thymoma, malignant, NOS'),
	(263,8581,'Thymoma, type A, malignant'),
	(264,8582,'Thymoma, type AB, malignant'),
	(265,8583,'Thymoma, type B1, malignant'),
	(266,8584,'Thymoma, type B2, malignant'),
	(267,8585,'Thymoma, type B3, malignant'),
	(268,8586,'Thymic carcinoma, NOS'),
	(269,8587,'Ectopic hamartomatous thymoma'),
	(270,8588,'Spindle epithelial tumor with thymus-like element'),
	(271,8589,'Carcinoma showing thymus-like element'),
	(272,8590,'Sex cord-gonadal stromal tumor, NOS'),
	(273,8591,'Sex cord-gonadal stromal tumor, incompletely n'),
	(274,8592,'Sex cord-gonadal stromal tumor, mixed forms'),
	(275,8593,'Stromal tumor with minor sex cord elements'),
	(276,8600,'Thecoma, malignant'),
	(277,8601,'Thecoma, luteinized'),
	(278,8602,'Sclerosing stromal tumor'),
	(279,8610,'Luteoma, NOS'),
	(280,8620,'Granulosa cell tumor, malignant'),
	(281,8621,'Granulosa cell-theca cell tumor'),
	(282,8622,'Granulosa cell tumor, juvenile'),
	(283,8623,'Sex cord tumor with annular tubules'),
	(284,8630,'Androblastoma, malignant'),
	(285,8631,'Sertoli-Leydig cell tumor, poorly differentiated'),
	(286,8632,'Gynandroblastoma'),
	(287,8633,'Sertoli-Leydig cell tumor, retiform'),
	(288,8634,'Sertoli-Leydig cell, poorly diffn, with heterous e'),
	(289,8640,'Sertoli cell carcinoma'),
	(290,8641,'Sertoli cell tumor with lipid storage'),
	(291,8642,'Large cell calcifying Sertoli cell tumor'),
	(292,8650,'Leydig cell tumor, malignant'),
	(293,8660,'Hilus cell tumor'),
	(294,8670,'Steroid cell tumor, malignant'),
	(295,8671,'Adrenal rest tumor'),
	(296,8680,'Paraganglioma, malignant'),
	(297,8681,'Sympathetic paraganglioma'),
	(298,8682,'Parasympathetic paraganglioma'),
	(299,8683,'Gangliocytic paraganglioma'),
	(300,8690,'Glomus jugulare tumor, NOS'),
	(301,8691,'Aortic body tumor'),
	(302,8692,'Carotid body tumor'),
	(303,8693,'Extra-adrenal paraganglioma, malignant'),
	(304,8700,'Pheochromocytoma, malignant'),
	(305,8710,'Glomangiosarcoma'),
	(306,8711,'Glomus tumor, malignant'),
	(307,8712,'Glomangioma'),
	(308,8713,'Glomangiomyoma'),
	(309,8720,'Malignant melanoma, NOS (except juvenile mela)'),
	(310,8721,'Nodular melanoma'),
	(311,8722,'Balloon cell melanoma'),
	(312,8723,'Malignant melanoma, regressing'),
	(313,8725,'Neuronevus'),
	(314,8726,'Magnocellular nevus'),
	(315,8727,'Dysplastic nevus'),
	(316,8728,'Meningeal melanomatosis'),
	(317,8730,'Amelanotic melanoma'),
	(318,8740,'Malignant melanoma in junctional nevus'),
	(319,8741,'Malignant melanoma in precancerous  melanosis'),
	(320,8742,'Lentigo maligna melanoma'),
	(321,8743,'Superficial spreading melanoma'),
	(322,8744,'Acral lentiginous melanoma, malignant'),
	(323,8745,'Desmoplastic melanoma, malignant'),
	(324,8746,'Mucosal lentiginous melanoma'),
	(325,8750,'Intradermal nevus'),
	(326,8760,'Compound nevus'),
	(327,8761,'Malignant melanoma in giant pigmented nevus'),
	(328,8762,'Proliferative dermal lesion in congenital nevus'),
	(329,8770,'Mixed epithelioid and spindle cell melanoma'),
	(330,8771,'Epithelioid cell melanoma'),
	(331,8772,'Spindle cell melanoma, NOS'),
	(332,8773,'Spindle cell melanoma, type A'),
	(333,8774,'Spindle cell melanoma, type B'),
	(334,8780,'Blue nevus, malignant'),
	(335,8790,'Cellular blue nevus'),
	(336,8800,'Sarcoma, NOS'),
	(337,8801,'Spindle cell sarcoma'),
	(338,8802,'Giant cell sarcoma (except of bone)'),
	(339,8803,'Small cell sarcoma'),
	(340,8804,'Epithelioid sarcoma'),
	(341,8805,'Undifferentiated sarcoma'),
	(342,8806,'Desmoplastic small round cell tumor'),
	(343,8810,'Fibrosarcoma, NOS'),
	(344,8811,'Fibromyxosarcoma'),
	(345,8812,'Periosteal fibrosarcoma'),
	(346,8813,'Fascial fibrosarcoma'),
	(347,8814,'Infantile fibrosarcoma'),
	(348,8815,'Solitary fibrous tumor, malignant'),
	(349,8820,'Elastofibroma'),
	(350,8821,'Aggressive fibromatosis'),
	(351,8822,'Abdominal fibromatosis'),
	(352,8823,'Desmoplastic fibroma'),
	(353,8824,'Myofibromatosis'),
	(354,8825,'Myofibroblastic tumor, NOS'),
	(355,8826,'Angiomyofibroblastoma'),
	(356,8827,'Myofibroblastic tumor, peribronchial'),
	(357,8830,'Malignant fibrous histiocytoma'),
	(358,8831,'Histiocytoma, NOS'),
	(359,8832,'Dermatofibrosarcoma, NOS'),
	(360,8833,'Pigmented dermatofibrosarcoma protuberans'),
	(361,8834,'Giant cell fibroblastoma'),
	(362,8835,'Plexiform fibrohistiocytic tumor'),
	(363,8836,'Angiomatoid fibrous histiocytoma'),
	(364,8840,'Myxosarcoma'),
	(365,8841,'Angiomyxoma'),
	(366,8842,'Ossifying fibromyxoid tumor'),
	(367,8850,'Liposarcoma, NOS'),
	(368,8851,'Liposarcoma, well differentiated'),
	(369,8852,'Myxoid liposarcoma'),
	(370,8853,'Round cell liposarcoma'),
	(371,8854,'Pleomorphic liposarcoma'),
	(372,8855,'Mixed liposarcoma'),
	(373,8856,'Intramuscular lipoma'),
	(374,8857,'Fibroblastic liposarcoma'),
	(375,8858,'Dedifferentiated liposarcoma'),
	(376,8860,'Angiomyolipoma'),
	(377,8861,'Angiolipoma, NOS'),
	(378,8862,'Chondroid lipoma'),
	(379,8870,'Myelolipoma'),
	(380,8880,'Hibernoma'),
	(381,8881,'Lipoblastomatosis'),
	(382,8890,'Leiomyosarcoma, NOS'),
	(383,8891,'Epithelioid leiomyosarcoma'),
	(384,8892,'Cellular leiomyoma'),
	(385,8893,'Bizarre leiomyoma'),
	(386,8894,'Angiomyosarcoma'),
	(387,8895,'Myosarcoma'),
	(388,8896,'Myxoid leiomyosarcoma'),
	(389,8897,'Smooth muscle tumor of uncertain malignant poial'),
	(390,8898,'Metastasizing leiomyoma'),
	(391,8900,'Rhabdomyosarcoma, NOS'),
	(392,8901,'Pleomorphic rhabdomyosarcoma, adult type'),
	(393,8902,'Mixed type rhabdomyosarcoma'),
	(394,8903,'Fetal rhabdomyoma'),
	(395,8904,'Adult rhabdomyoma'),
	(396,8905,'Genital rhabdomyoma'),
	(397,8910,'Embryonal rhabdomyosarcoma, NOS'),
	(398,8912,'Spindle cell rhabdomyosarcoma'),
	(399,8920,'Alveolar rhabdomyosarcoma'),
	(400,8921,'Rhabdomyosarcoma with ganglionic differentiation'),
	(401,8930,'Endometrial stromal sarcoma, NOS'),
	(402,8931,'Endometrial stromal sarcoma, low grade'),
	(403,8932,'Adenomyoma'),
	(404,8933,'Adenosarcoma'),
	(405,8934,'Carcinofibroma'),
	(406,8935,'Stromal sarcoma, NOS'),
	(407,8936,'Gastrointestinal stromal sarcoma'),
	(408,8940,'Mixed tumor, malignant, NOS'),
	(409,8941,'Carcinoma in pleomorphic adenoma'),
	(410,8950,'Mullerian mixed tumor'),
	(411,8951,'Mesodermal mixed tumor'),
	(412,8959,'Malignant cystic nephroma'),
	(413,8960,'Nephroblastoma, NOS'),
	(414,8963,'Malignant rhabdoid tumor'),
	(415,8964,'Clear cell sarcoma of kidney'),
	(416,8965,'Nephrogenic adenofibroma'),
	(417,8966,'Renomedullary interstitial cell tumor'),
	(418,8967,'Ossifying renal tumor'),
	(419,8970,'Hepatoblastoma'),
	(420,8971,'Pancreatoblastoma'),
	(421,8972,'Pulmonary blastoma'),
	(422,8973,'Pleuropulmonary blastoma'),
	(423,8974,'Sialoblastoma'),
	(424,8980,'Carcinosarcoma, NOS'),
	(425,8981,'Carcinosarcoma, embryonal'),
	(426,8982,'Malignant myoepithelioma'),
	(427,8983,'Adenomyoepithelioma'),
	(428,8990,'Mesenchymoma, malignant'),
	(429,8991,'Embryonal sarcoma'),
	(430,9000,'Brenner tumor, malignant'),
	(431,9010,'Fibroadenoma, NOS'),
	(432,9011,'Intracanalicular fibroadenoma'),
	(433,9012,'Pericanalicular fibroadenoma'),
	(434,9013,'Adenofibroma, NOS'),
	(435,9014,'Serous adenocarcinofibroma'),
	(436,9015,'Mucinous adenocarcinofibroma'),
	(437,9016,'Giant fibroadenoma'),
	(438,9020,'Phyllodes tumor, malignant'),
	(439,9030,'Juvenile fibroadenoma'),
	(440,9040,'Synovial sarcoma, NOS'),
	(441,9041,'Synovial sarcoma, spindle cell'),
	(442,9042,'Synovial sarcoma, epithelioid cell'),
	(443,9043,'Synovial sarcoma, biphasic'),
	(444,9044,'Clear cell sarcoma, NOS (except of kidney)'),
	(445,9050,'Mesothelioma, malignant'),
	(446,9051,'Fibrous mesothelioma, malignant'),
	(447,9052,'Epithelioid mesothelioma, malignant'),
	(448,9053,'Mesothelioma, biphasic, malignant'),
	(449,9054,'Adenomatoid tumor, NOS'),
	(450,9055,'Cystic mesothelioma, NOS'),
	(451,9060,'Dysgerminoma'),
	(452,9061,'Seminoma, NOS'),
	(453,9062,'Seminoma, anaplastic'),
	(454,9063,'Spermatocytic seminoma'),
	(455,9064,'Germinoma'),
	(456,9065,'Germ cell tumor, nonseminomatous'),
	(457,9070,'Embryonal carcinoma, NOS'),
	(458,9071,'Yolk sac tumor'),
	(459,9072,'Polyembryoma'),
	(460,9073,'Gonadoblastoma'),
	(461,9080,'Teratoma, malignant, NOS'),
	(462,9081,'Teratocarcinoma'),
	(463,9082,'Malignant teratoma, undifferentiated'),
	(464,9083,'Malignant teratoma, intermediate'),
	(465,9084,'Teratoma with malignant transformation'),
	(466,9085,'Mixed germ cell tumor'),
	(467,9090,'Struma ovarii, malignant'),
	(468,9091,'Strumal carcinoid'),
	(469,9100,'Choriocarcinoma, NOS'),
	(470,9101,'Choriocarcinoma combined with other germ cellments'),
	(471,9102,'Malignant teratoma, trophoblastic'),
	(472,9103,'Partial hydatidiform mole'),
	(473,9104,'Placental site trophoblastic tumor'),
	(474,9105,'Trophoblastic tumor, epithelioid'),
	(475,9110,'Mesonephroma, malignant'),
	(476,9120,'Hemangiosarcoma'),
	(477,9121,'Cavernous hemangioma'),
	(478,9122,'Venous hemangioma'),
	(479,9123,'Racemose hemangioma'),
	(480,9124,'Kupffer cell sarcoma'),
	(481,9125,'Epithelioid hemangioma'),
	(482,9130,'Hemangioendothelioma, malignant'),
	(483,9131,'Capillary hemangioma'),
	(484,9132,'Intramuscular hemangioma'),
	(485,9133,'Epithelioid hemangioendothelioma, malignant'),
	(486,9135,'Endovascular papillary angioendothelioma'),
	(487,9136,'Spindle cell hemangioendothelioma'),
	(488,9140,'Kaposi sarcoma'),
	(489,9141,'Angiokeratoma'),
	(490,9142,'Verrucous keratotic hemangioma'),
	(491,9150,'Hemangiopericytoma, malignant'),
	(492,9160,'Angiofibroma, NOS'),
	(493,9161,'Hemangioblastoma'),
	(494,9170,'Lymphangiosarcoma'),
	(495,9171,'Capillary lymphangioma'),
	(496,9172,'Cavernous lymphangioma'),
	(497,9173,'Cystic lymphangioma'),
	(498,9174,'Lymphangiomyomatosis'),
	(499,9175,'Hemolymphangioma'),
	(500,9180,'Osteosarcoma, NOS'),
	(501,9181,'Chondroblastic osteosarcoma'),
	(502,9182,'Fibroblastic osteosarcoma'),
	(503,9183,'Telangiectatic osteosarcoma'),
	(504,9184,'Osteosarcoma in Paget disease of bone'),
	(505,9185,'Small cell osteosarcoma'),
	(506,9186,'Central osteosarcoma'),
	(507,9187,'Intraosseous well differentiated osteosarcoma'),
	(508,9191,'Osteoid osteoma, NOS'),
	(509,9192,'Parosteal osteosarcoma'),
	(510,9193,'Periosteal osteosarcoma'),
	(511,9194,'High grade surface osteosarcoma'),
	(512,9195,'Intracortical osteosarcoma'),
	(513,9200,'Aggressive osteoblastoma'),
	(514,9210,'Osteochondromatosis, NOS'),
	(515,9220,'Chondrosarcoma, NOS'),
	(516,9221,'Juxtacortical chondrosarcoma'),
	(517,9230,'Chondroblastoma, malignant'),
	(518,9231,'Myxoid chondrosarcoma'),
	(519,9240,'Mesenchymal chondrosarcoma'),
	(520,9241,'Chondromyxoid fibroma'),
	(521,9242,'Clear cell chondrosarcoma'),
	(522,9243,'Dedifferentiated chondrosarcoma'),
	(523,9250,'Giant cell tumor of bone, malignant'),
	(524,9251,'Malignant giant cell tumor of soft parts'),
	(525,9252,'Malignant tenosynovial giant cell tumor'),
	(526,9260,'Ewing sarcoma'),
	(527,9261,'Adamantinoma of long bones'),
	(528,9262,'Ossifying fibroma'),
	(529,9270,'Odontogenic tumor, malignant'),
	(530,9271,'Ameloblastic fibrodentinoma'),
	(531,9272,'Cementoma, NOS'),
	(532,9273,'Cementoblastoma, benign'),
	(533,9274,'Cementifying fibroma'),
	(534,9275,'Gigantiform cementoma'),
	(535,9280,'Odontoma, NOS'),
	(536,9281,'Compound odontoma'),
	(537,9282,'Complex odontoma'),
	(538,9290,'Ameloblastic odontosarcoma'),
	(539,9300,'Adenomatoid odontogenic tumor'),
	(540,9301,'Calcifying odontogenic cyst'),
	(541,9302,'Odontogenic ghost cell tumor'),
	(542,9310,'Ameloblastoma, malignant'),
	(543,9311,'Odontoameloblastoma'),
	(544,9312,'Squamous odontogenic tumor'),
	(545,9320,'Odontogenic myxoma'),
	(546,9321,'Central odontogenic fibroma'),
	(547,9322,'Peripheral odontogenic fibroma'),
	(548,9330,'Ameloblastic fibrosarcoma'),
	(549,9340,'Calcifying epithelial odontogenic tumor'),
	(550,9341,'Clear cell odontogenic tumor'),
	(551,9342,'Odontogenic carcinosarcoma'),
	(552,9350,'Craniopharyngioma'),
	(553,9351,'Craniopharyngioma, adamantinomatous'),
	(554,9352,'Craniopharyngioma, papillary'),
	(555,9360,'Pinealoma, NOS'),
	(556,9361,'Pineocytoma'),
	(557,9362,'Pineoblastoma'),
	(558,9363,'Melanotic neuroectodermal tumor'),
	(559,9364,'Peripheral neuroectodermal tumor'),
	(560,9365,'Askin tumor'),
	(561,9370,'Chordoma, NOS'),
	(562,9371,'Chondroid chordoma'),
	(563,9372,'Dedifferentiated chordoma'),
	(564,9373,'Parachordoma'),
	(565,9380,'Glioma, malignant'),
	(566,9381,'Gliomatosis cerebri'),
	(567,9382,'Mixed glioma'),
	(568,9383,'Subependymoma'),
	(569,9384,'Subependymal giant cell astrocytoma'),
	(570,9390,'Choroid plexus carcinoma'),
	(571,9391,'Ependymoma, NOS'),
	(572,9392,'Ependymoma, anaplastic'),
	(573,9393,'Papillary ependymoma'),
	(574,9394,'Myxopapillary ependymoma'),
	(575,9400,'Astrocytoma, NOS'),
	(576,9401,'Astrocytoma, anaplastic'),
	(577,9410,'Protoplasmic astrocytoma'),
	(578,9411,'Gemistocytic astrocytoma'),
	(579,9412,'Desmoplastic infantile astrocytoma'),
	(580,9413,'Dysembryoplastic neuroepithelial tumor'),
	(581,9420,'Fibrillary astrocytoma'),
	(582,9421,'Pilocytic astrocytoma'),
	(583,9423,'Polar spongioblastoma'),
	(584,9424,'Pleomorphic xanthoastrocytoma'),
	(585,9430,'Astroblastoma'),
	(586,9440,'Glioblastoma, NOS'),
	(587,9441,'Giant cell glioblastoma'),
	(588,9442,'Gliosarcoma'),
	(589,9444,'Chordoid glioma'),
	(590,9450,'Oligodendroglioma, NOS'),
	(591,9451,'Oligodendroglioma, anaplastic'),
	(592,9460,'Oligodendroblastoma'),
	(593,9470,'Medulloblastoma, NOS'),
	(594,9471,'Desmoplastic nodular medulloblastoma'),
	(595,9472,'Medullomyoblastoma'),
	(596,9473,'Primitive neuroectodermal tumor, NOS'),
	(597,9474,'Large cell medulloblastoma'),
	(598,9480,'Cerebellar sarcoma, NOS'),
	(599,9490,'Ganglioneuroblastoma'),
	(600,9491,'Ganglioneuromatosis'),
	(601,9492,'Gangliocytoma'),
	(602,9493,'Dysplastic gangliocytoma of cerebellum (Lherm-Ducl'),
	(603,9500,'Neuroblastoma, NOS'),
	(604,9501,'Medulloepithelioma, NOS'),
	(605,9502,'Teratoid medulloepithelioma'),
	(606,9503,'Neuroepithelioma, NOS'),
	(607,9504,'Spongioneuroblastoma'),
	(608,9505,'Ganglioglioma, anaplastic'),
	(609,9506,'Central neurocytoma'),
	(610,9507,'Pacinian tumor'),
	(611,9508,'Atypical teratoid/rhabdoid tumor'),
	(612,9510,'Retinoblastoma, NOS'),
	(613,9511,'Retinoblastoma, differentiated'),
	(614,9512,'Retinoblastoma, undifferentiated'),
	(615,9513,'Retinoblastoma, diffuse'),
	(616,9514,'Retinoblastoma, spontaneously regressed'),
	(617,9520,'Olfactory neurogenic tumor'),
	(618,9521,'Olfactory neurocytoma'),
	(619,9522,'Olfactory neuroblastoma'),
	(620,9523,'Olfactory neuroepithelioma'),
	(621,9530,'Meningioma, malignant'),
	(622,9531,'Meningothelial meningioma'),
	(623,9532,'Fibrous meningioma'),
	(624,9533,'Psammomatous meningioma'),
	(625,9534,'Angiomatous meningioma'),
	(626,9535,'Hemangioblastic meningioma'),
	(627,9537,'Transitional meningioma'),
	(628,9538,'Papillary meningioma'),
	(629,9539,'Meningeal sarcomatosis'),
	(630,9540,'Malignant peripheral nerve sheath tumor'),
	(631,9541,'Melanotic neurofibroma'),
	(632,9550,'Plexiform neurofibroma'),
	(633,9560,'Neurilemoma, malignant'),
	(634,9561,'Malig. peripheral nerve sheath tumor, rhabdomastic'),
	(635,9562,'Neurothekeoma'),
	(636,9570,'Neuroma, NOS'),
	(637,9571,'Perineurioma, malignant'),
	(638,9580,'Granular cell tumor, malignant'),
	(639,9581,'Alveolar soft part sarcoma'),
	(640,9582,'Granular cell tumor of the sellar region'),
	(641,9590,'Malignant lymphoma, NOS'),
	(642,9591,'Malignant lymphoma, non-Hodgkin, NOS'),
	(643,9596,'Composite Hodgkin and non-Hodgkin lymphoma'),
	(644,9650,'Hodgkin lymphoma, NOS'),
	(645,9651,'Hodgkin lymphoma, lymphocyte-rich'),
	(646,9652,'Hodgkin lymphoma, mixed cellularity, NOS'),
	(647,9653,'Hodgkin lymphoma, lymphocyte depletion, NOS'),
	(648,9654,'Hodgkin lymphoma, lymphocyte depletion, diffuibros'),
	(649,9655,'Hodgkin lymphoma, lymphocyte depletion, reticular'),
	(650,9659,'Hodgkin lymphoma, nodular lymphocyte predominance'),
	(651,9661,'Hodgkin granuloma'),
	(652,9662,'Hodgkin sarcoma'),
	(653,9663,'Hodgkin lymphoma, nodular sclerosis, NOS'),
	(654,9664,'Hodgkin lymphoma, nodular sclerosis, cellularse'),
	(655,9665,'Hodgkin lymphoma, nodular sclerosis, grade 1'),
	(656,9667,'Hodgkin lymphoma, nodular sclerosis, grade 2'),
	(657,9670,'Malignant lymphoma, small B lymphocytic, NOS'),
	(658,9671,'Malignant lymphoma, lymphoplasmacytic'),
	(659,9673,'Mantle cell lymphoma'),
	(660,9675,'Malignant lymphoma, mixed small and large celiffus'),
	(661,9678,'Primary effusion lymphoma'),
	(662,9679,'Mediastinal large B-cell lymphoma'),
	(663,9680,'Malignant lymphoma, large B-cell, diffuse, NOS'),
	(664,9684,'Malignant lymphoma, large B-cell, diffuse, imblast'),
	(665,9687,'Burkitt lymphoma, NOS'),
	(666,9689,'Splenic marginal zone B-cell lymphoma'),
	(667,9690,'Follicular lymphoma, NOS'),
	(668,9691,'Follicular lymphoma, grade 2'),
	(669,9695,'Follicular lymphoma, grade 1'),
	(670,9698,'Follicular lymphoma, grade 3'),
	(671,9699,'Marginal zone B-cell lymphoma, NOS'),
	(672,9700,'Mycosis fungoides'),
	(673,9701,'Sezary syndrome'),
	(674,9702,'Mature T-cell lymphoma, NOS'),
	(675,9705,'Angioimmunoblastic T-cell lymphoma'),
	(676,9708,'Subcutaneous panniculitis-like T-cell lymphoma'),
	(677,9709,'Cutaneous T-cell lymphoma, NOS'),
	(678,9714,'Anaplastic large cell lymphoma, T cell and  Ncell '),
	(679,9716,'Hepatosplenic (gamma-delta) cell  lymphoma'),
	(680,9717,'Intestinal T-cell lymphoma'),
	(681,9718,'Primary cutaneous CD30+ T-cell lymphoprolifere dis'),
	(682,9719,'NK/T-cell lymphoma, nasal and nasal-type'),
	(683,9727,'Precursor cell lymphoblastic lymphoma, NOS'),
	(684,9728,'Precursor B-cell lymphoblastic lymphoma'),
	(685,9729,'Precursor T-cell lymphoblastic lymphoma'),
	(686,9731,'Plasmacytoma, NOS'),
	(687,9732,'Multiple myeloma'),
	(688,9733,'Plasma cell leukemia'),
	(689,9734,'Plasmacytoma, extramedullary (not occurring ine)'),
	(690,9740,'Mast cell sarcoma'),
	(691,9741,'Malignant mastocytosis'),
	(692,9742,'Mast cell leukemia'),
	(693,9750,'Malignant histiocytosis'),
	(694,9751,'Langerhans cell histiocytosis, NOS'),
	(695,9752,'Langerhans cell histiocytosis, unifocal'),
	(696,9753,'Langerhans cell histiocytosis, multifocal'),
	(697,9754,'Langerhans cell histiocytosis, disseminated'),
	(698,9755,'Histiocytic sarcoma'),
	(699,9756,'Langerhans cell sarcoma'),
	(700,9757,'Interdigitating dendritic cell sarcoma'),
	(701,9758,'Follicular dendritic cell sarcoma'),
	(702,9760,'Immunoproliferative disease, NOS'),
	(703,9761,'Waldenstrom macroglobulinemia'),
	(704,9762,'Heavy chain disease, NOS'),
	(705,9764,'Immunoproliferative small intestinal disease'),
	(706,9765,'Monoclonal gammopathy of undetermined signifie'),
	(707,9766,'Angiocentric immunoproliferative lesion'),
	(708,9767,'Angioimmunoblastic lymphadenopathy'),
	(709,9768,'T-gamma lymphoproliferative disease'),
	(710,9769,'Immunoglobulin deposition disease'),
	(711,9800,'Leukemia, NOS'),
	(712,9801,'Acute leukemia, NOS'),
	(713,9805,'Acute biphenotypic leukemia'),
	(714,9820,'Lymphoid leukemia, NOS'),
	(715,9823,'B-cell chronic lymphocytic leukemia/small lymytic '),
	(716,9826,'Burkitt cell leukemia'),
	(717,9827,'Adult T-cell leukemia/lymphoma (HTLV-1 positive)'),
	(718,9831,'T-cell large granular lymphocytic leukemia'),
	(719,9832,'Prolymphocytic leukemia, NOS'),
	(720,9833,'Prolymphocytic leukemia, B-cell type'),
	(721,9834,'Prolymphocytic leukemia, T-cell type'),
	(722,9835,'Precursor cell lymphoblastic leukemia, NOS'),
	(723,9836,'Precursor B-cell lymphoblastic leukemia'),
	(724,9837,'Precursor T-cell lymphoblastic leukemia'),
	(725,9840,'Acute myeloid leukemia, M6 type'),
	(726,9860,'Myeloid leukemia, NOS'),
	(727,9861,'Acute myeloid leukemia, NOS'),
	(728,9863,'Chronic myeloid leukemia, NOS'),
	(729,9866,'Acute promyelocytic leukemia, t(15;17)(q22;q1)'),
	(730,9867,'Acute myelomonocytic leukemia'),
	(731,9870,'Acute basophilic leukemia'),
	(732,9871,'Acute myeloid leukemia with abnormal marrow eophil'),
	(733,9872,'Acute myeloid leukemia, minimal differentiation'),
	(734,9873,'Acute myeloid leukemia without maturation'),
	(735,9874,'Acute myeloid leukemia with maturation'),
	(736,9875,'Chronic myelogenous leukemia, BCR/ABL  positive'),
	(737,9876,'Atypical chronic myeloid leukemia,  BCR/ABL nive'),
	(738,9891,'Acute monocytic leukemia'),
	(739,9895,'Acute myeloid leukemia with multilineage dyspa'),
	(740,9896,'Acute myeloid leukemia, t(8;21)(q22;q22)'),
	(741,9897,'Acute myeloid leukemia, 11q23 abnormalities'),
	(742,9910,'Acute megakaryoblastic leukemia'),
	(743,9920,'Therapy-related acute myeloid leukemia,  NOS'),
	(744,9930,'Myeloid sarcoma'),
	(745,9931,'Acute panmyelosis with myelofibrosis'),
	(746,9940,'Hairy cell leukemia'),
	(747,9945,'Chronic myelomonocytic leukemia, NOS'),
	(748,9946,'Juvenile myelomonocytic leukemia'),
	(749,9948,'Aggressive NK-cell leukemia'),
	(750,9950,'Polycythemia vera'),
	(751,9960,'Chronic myeloproliferative disease, NOS'),
	(752,9961,'Myelosclerosis with myeloid metaplasia'),
	(753,9962,'Essential thrombocythemia'),
	(754,9963,'Chronic neutrophilic leukemia'),
	(755,9964,'Hypereosinophilic syndrome'),
	(756,9970,'Lymphoproliferative disorder, NOS'),
	(757,9975,'Myeloproliferative disease, NOS'),
	(758,9980,'Refractory anemia'),
	(759,9982,'Refractory anemia with sideroblasts'),
	(760,9983,'Refractory anemia with excess blasts'),
	(761,9984,'Refractory anemia with excess blasts in transation'),
	(762,9985,'Refractory cytopenia with multilineage dysplasia'),
	(763,9986,'Myelodysplastic syndrome with 5q- syndrome'),
	(764,9987,'Therapy-related myelodysplastic syndrome,  NOS'),
	(765,9989,'Myelodysplastic syndrome, NOS');

/*!40000 ALTER TABLE `histology` ENABLE KEYS */;
UNLOCK TABLES;


# Dump of table patient
# ------------------------------------------------------------

DROP TABLE IF EXISTS `patient`;

CREATE TABLE `patient` (
  `patientID` int(20) NOT NULL AUTO_INCREMENT,
  `fname` varchar(50) DEFAULT NULL,
  `lname` varchar(50) DEFAULT NULL,
  `sex` varchar(7) DEFAULT NULL,
  `BirthPlace` varchar(50) DEFAULT NULL,
  `DOB` varchar(20) DEFAULT NULL,
  `occupation` varchar(50) DEFAULT NULL,
  `tribe` varchar(50) DEFAULT NULL,
  `district` varchar(50) DEFAULT NULL,
  `region` varchar(20) DEFAULT NULL,
  `contact` varchar(20) DEFAULT NULL,
  `village` varchar(50) DEFAULT NULL,
  `county` varchar(50) DEFAULT NULL,
  `subCounty` varchar(50) DEFAULT NULL,
  `parish` varchar(50) DEFAULT NULL,
  `othername` text,
  `email` varchar(50) DEFAULT NULL,
  `date` timestamp NULL DEFAULT CURRENT_TIMESTAMP,
  `staffid` int(11) DEFAULT NULL,
  PRIMARY KEY (`patientID`),
  UNIQUE KEY `staffid` (`staffid`),
  CONSTRAINT `patient_ibfk_1` FOREIGN KEY (`staffid`) REFERENCES `staffs` (`staffid`) ON DELETE CASCADE ON UPDATE CASCADE
) ENGINE=InnoDB DEFAULT CHARSET=latin1;

LOCK TABLES `patient` WRITE;
/*!40000 ALTER TABLE `patient` DISABLE KEYS */;

INSERT INTO `patient` (`patientID`, `fname`, `lname`, `sex`, `BirthPlace`, `DOB`, `occupation`, `tribe`, `district`, `region`, `contact`, `village`, `county`, `subCounty`, `parish`, `othername`, `email`, `date`, `staffid`)
VALUES
	(1,'Vincent','Kiberu','female','Kampala','2015-06-03','Facilitator','ui','yui','678','0772123456',NULL,'rty','ty','null',NULL,NULL,'2015-07-14 02:49:56',NULL),
	(2,'Angee','George William','female','Soroti','2015-06-03','Student','ui','yui','678','0791000912',NULL,'rty','ty','null',NULL,NULL,'2015-07-14 02:53:49',NULL),
	(3,'Joshua','Tenywa','male','Masaka','2010-12-31','Programmer','Acholi','Gulu','Catholic','0772345678',NULL,'Techo','Haha','null',NULL,NULL,'2015-07-14 03:03:28',NULL),
	(4,'Eric','Umar','male','Mbale','2010-12-31','Analyst','Acholi','Gulu','Catholic','0772345678',NULL,'Techo','Haha','null',NULL,NULL,'2015-07-14 03:05:14',NULL),
	(5,'Jamal','Yakubu','male','Mukono','2010-12-31','Intensivist','Acholi','Gulu','Catholic','0772345678',NULL,'Techo','Haha','null',NULL,NULL,'2015-07-14 03:25:46',NULL),
	(6,'Lorna','Twenomugisha','male','Mbarara','2010-12-31','Designer','Acholi','Gulu','Catholic','0772345678',NULL,'Techo','Haha','null',NULL,NULL,NULL,NULL),
	(7,'Kenneth','Onek','male','Gulu','2010-12-31','Programmer','Acholi','Gulu','Catholic','0772345678',NULL,'Techo','Haha','null',NULL,NULL,NULL,NULL),
	(8,'Kenneth','Onek','male','Gulu','2010-12-31','Programmer','Acholi','Gulu','Catholic','0772345678',NULL,'Techo','Haha','null',NULL,NULL,NULL,NULL),
	(9,'Kenneth','Onek','male','Gulu','2010-12-31','Programmer','Acholi','Gulu','Catholic','0772345678',NULL,'Techo','Haha','null',NULL,NULL,NULL,NULL),
	(10,'Kenneth','Onek','male','Gulu','2010-12-31','Programmer','Acholi','Gulu','Catholic','0772345678',NULL,'Techo','Haha','null',NULL,NULL,NULL,NULL),
	(11,'Kenneth','Onek','male','Gulu','2010-12-31','Programmer','Acholi','Gulu','Catholic','0772345678',NULL,'Techo','Haha','null',NULL,NULL,NULL,NULL),
	(12,'Kenneth','Onek','male','Gulu','2010-12-31','Programmer','Acholi','Gulu','Catholic','0772345678',NULL,'Techo','Haha','null',NULL,NULL,NULL,NULL),
	(13,'Kenneth','Onek','male','Gulu','2013-06-06','Programmer','Acholi','Gulu','Catholic','0772345678',NULL,'Techo','Haha','null',NULL,NULL,NULL,NULL),
	(14,'Kenneth','Onek','male','Gulu','2013-06-06','Programmer','Acholi','Gulu','Catholic','0772345678',NULL,'Techo','Haha','null',NULL,NULL,NULL,NULL),
	(15,'Kenneth','Onek','male','Gulu','2013-07-06','Programmer','Acholi','Gulu','Catholic','0772345678',NULL,'Techo','Haha','null',NULL,NULL,NULL,NULL),
	(16,'Kenneth','Onek','male','Gulu','2013-07-06','Programmer','Acholi','Gulu','Catholic','0772345678',NULL,'Techo','Haha','null',NULL,NULL,NULL,NULL),
	(17,'Kenneth','Onek','male','Gulu','2013-07-07','Programmer','Acholi','Gulu','Catholic','0772345678',NULL,'Techo','Haha','null',NULL,NULL,NULL,NULL),
	(18,'weee','eeee','female','1234567','2015-06-23','4567y','5567','sdfrg','dfgh','gthj',NULL,'sdfgh','fgh','null',NULL,NULL,NULL,NULL),
	(19,'weee','eeee','female','1234567','2015-06-23','4567y','5567','sdfrg','dfgh','gthj',NULL,'sdfgh','fgh','null',NULL,NULL,NULL,NULL),
	(20,'weee','eeee','female','1234567','2015-06-23','4567y','5567','sdfrg','dfgh','gthj',NULL,'sdfgh','fgh','null',NULL,NULL,NULL,NULL),
	(21,'weee','eeee','female','1234567','2015-06-23','4567y','5567','sdfrg','dfgh','gthj',NULL,'sdfgh','fgh','null',NULL,NULL,NULL,NULL),
	(22,'weee','eeee','female','1234567','2015-06-23','4567y','5567','sdfrg','dfgh','gthj',NULL,'sdfgh','fgh','null',NULL,NULL,NULL,NULL),
	(23,'weee','eeee','female','1234567','2015-06-23','4567y','5567','sdfrg','dfgh','gthj',NULL,'sdfgh','fgh','null',NULL,NULL,NULL,NULL),
	(24,'weee','eeee','female','1234567','2015-06-23','4567y','5567','sdfrg','dfgh','gthj',NULL,'sdfgh','fgh','null',NULL,NULL,NULL,NULL),
	(25,'weee','eeee','female','1234567','2015-06-23','4567y','5567','sdfrg','dfgh','gthj',NULL,'sdfgh','fgh','null',NULL,NULL,NULL,NULL),
	(26,'weee','eeee','female','1234567','2015-06-23','4567y','5567','sdfrg','dfgh','gthj',NULL,'sdfgh','fgh','null',NULL,NULL,NULL,NULL),
	(27,'weee','eeee','female','1234567','2015-06-23','4567y','5567','sdfrg','dfgh','gthj',NULL,'sdfgh','fgh','null',NULL,NULL,NULL,NULL),
	(28,'weee','eeee','female','1234567','2015-06-23','4567y','5567','sdfrg','dfgh','gthj',NULL,'sdfgh','fgh','null',NULL,NULL,NULL,NULL),
	(29,'weee','eeee','female','1234567','2015-06-23','4567y','5567','sdfrg','dfgh','gthj',NULL,'sdfgh','fgh','null',NULL,NULL,NULL,NULL),
	(30,'emma','styler','female','1234567','2015-05-23','4567y','5567','sdfrg','dfgh','gthj',NULL,'sdfgh','fgh','null',NULL,NULL,NULL,NULL),
	(31,'emma','styler','female','1234567','2015-05-23','4567y','5567','sdfrg','dfgh','gthj',NULL,'sdfgh','fgh','null',NULL,NULL,NULL,NULL),
	(32,'emma','styler','female','1234567','2015-05-23','4567y','5567','sdfrg','dfgh','gthj',NULL,'sdfgh','fgh','null',NULL,NULL,NULL,NULL),
	(33,'emma','Ohio','male','1234567','2015-05-19','4567y','5567','sdfrg','dfgh','hahaha','null','sdfgh','fgh','null','Stroem','stroem@gmail.com',NULL,NULL),
	(34,'emma','styler','female','10/1/1990','2015-05-18','4567y','5567','sdfrg','dfgh','gthj',NULL,'sdfgh','fgh','null',NULL,NULL,NULL,NULL),
	(35,'emma','styler','female','1234567','2015-05-21','4567y','5567','sdfrg','dfgh','gthj',NULL,'sdfgh','fgh','null',NULL,NULL,NULL,NULL),
	(36,'emma','styler','female','1234567','2015-05-12','4567y','5567','sdfrg','dfgh','gthj',NULL,'sdfgh','fgh','null',NULL,NULL,NULL,NULL),
	(37,'emma','styler','female','1234567','2015-05-27','4567y','5567','sdfrg','dfgh','gthj',NULL,'sdfgh','fgh','null',NULL,NULL,NULL,NULL),
	(38,'emma','styler','female','1234567','2015-05-20','4567y','5567','sdfrg','dfgh','gthj',NULL,'sdfgh','fgh','null',NULL,NULL,NULL,NULL),
	(39,'emma','styler','female','1234567','2015-05-01','4567y','5567','sdfrg','dfgh','gthj',NULL,'sdfgh','fgh','null',NULL,NULL,NULL,NULL),
	(40,'emma','styler','female','12/12/2004','2015-05-01','4567y','5567','sdfrg','dfgh','gthj',NULL,'sdfgh','fgh','null',NULL,NULL,NULL,NULL),
	(41,'emma','styler','female','1234567','2015-05-01','4567y','5567','sdfrg','dfgh','gthj',NULL,'sdfgh','fgh','null',NULL,NULL,NULL,NULL),
	(42,'emma','styler','female','1234567','2015-05-01','4567y','5567','sdfrg','dfgh','gthj',NULL,'sdfgh','fgh','null',NULL,NULL,NULL,NULL),
	(43,'emma','styler','female','1234567','2015-05-11','4567y','5567','sdfrg','dfgh','gthj',NULL,'sdfgh','fgh','null',NULL,NULL,NULL,NULL),
	(44,'emma','styler','female','11/12/1997','2015-05-26','4567y','5567','sdfrg','dfgh','gthj',NULL,'sdfgh','fgh','null',NULL,NULL,NULL,NULL),
	(45,'Kivumbi','Alex','male','Gulu','2010-12-31','Programmer','Acholi','Gulu','Catholic','0772345678',NULL,'Techo','Haha','null',NULL,NULL,NULL,NULL),
	(46,'Nabagereka','Princess','female','1234567','2015-05-18','4567y','5567','sdfrg','dfgh','gthj',NULL,'sdfgh','fgh','null',NULL,NULL,NULL,NULL),
	(47,'rrer','nn','male','naanaana','2015-06-09','null','null','null','null','dfhfghgfhfg','null','hdfdsfs','null','Hehehaha',NULL,NULL,NULL,NULL),
	(48,'rrer','nn','male','naanaana','2015-06-09','null','null','null','null','dfhfghgfhfg','null','hdfdsfs','null','Hehehaha',NULL,NULL,NULL,NULL),
	(49,'Karl','Pritchard','male','England','1964-09-08','null','null','null','null','0792123456','null','Makindye','null','Mkaind',NULL,NULL,NULL,NULL),
	(51,'Emmanuel','Opio','male','Lira','12/12/12','null','Langi','Lira','North','077212341234','Adyel','LMC','Ojwina','Kasubi','Stroem','emmanuel@gmail.com',NULL,NULL),
	(52,'Mirriammmmm','Mary','female','Mulago','1/1/93','Accountant','English','Kampala','Central','9857463','Kiwafu','Kansanga','Kansangaaaa','Kawempe','Emmanuel','mirriam@gmail.com',NULL,NULL),
	(53,'Eric','Sekizifkdfmbfgio','male','Kla','1/1/95','Consultant','Muganda','Kampala','Eastern','04148595056','Ebbs','Entebbe','Kawen','','Mathew','eric@gmail.com',NULL,NULL),
	(54,'Steve','Human','male','Kampala','2000-07-02','Reporter','Kampalan','Kampala','Central','0771545652','-','-','-','-','','steve@monitor.co.ug',NULL,NULL),
	(55,'','','null','','','','','','','','','','','','','','2015-07-16 07:35:38',NULL),
	(56,'','','null','','02/02/2015','','','','','','','','','','','','2015-07-16 07:36:04',NULL),
	(57,'','','null','','','','','','','','','','','','','','2015-07-16 14:47:08',NULL),
	(58,'','','null','','','','','','','','','','','','','','2015-07-16 14:47:43',NULL),
	(59,'','','null','','','','','','','','','','','','','','2015-07-16 14:51:47',NULL),
	(60,'','','null','','','','','','','','','','','','','','2015-07-16 16:00:16',NULL);

/*!40000 ALTER TABLE `patient` ENABLE KEYS */;
UNLOCK TABLES;


# Dump of table prescription
# ------------------------------------------------------------

DROP TABLE IF EXISTS `prescription`;

CREATE TABLE `prescription` (
  `prescriptionid` int(11) NOT NULL AUTO_INCREMENT,
  `PatientID` int(11) NOT NULL,
  `prescription` varchar(200) DEFAULT '',
  `drug` varchar(11) DEFAULT NULL,
  `duration` varchar(11) DEFAULT NULL,
  `checkup` date DEFAULT NULL,
  `staffid` int(11) DEFAULT NULL,
  `date` timestamp NOT NULL DEFAULT CURRENT_TIMESTAMP,
  PRIMARY KEY (`prescriptionid`),
  KEY `PatientID` (`PatientID`),
  CONSTRAINT `prescription_ibfk_1` FOREIGN KEY (`PatientID`) REFERENCES `patient` (`patientID`) ON DELETE CASCADE ON UPDATE CASCADE
) ENGINE=InnoDB DEFAULT CHARSET=latin1;

LOCK TABLES `prescription` WRITE;
/*!40000 ALTER TABLE `prescription` DISABLE KEYS */;

INSERT INTO `prescription` (`prescriptionid`, `PatientID`, `prescription`, `drug`, `duration`, `checkup`, `staffid`, `date`)
VALUES
	(1,2,'2x3','Paracetamol','5','2015-07-20',NULL,'2015-07-13 23:51:12'),
	(6,17,'2x4','null','null','2015-08-30',NULL,'2015-07-13 23:51:12'),
	(7,17,'2x4','null','null','2015-08-30',NULL,'2015-07-13 23:51:12'),
	(8,17,'1x1','curamol','7','2015-07-25',NULL,'2015-07-13 23:51:12'),
	(9,17,'2x3','quinine','5','2015-07-25',NULL,'2015-07-13 23:51:12'),
	(10,2,'3x1','Hedex','3','2015-07-20',NULL,'2015-07-13 23:51:12'),
	(11,17,'1x2','camaquin','4','2015-07-25',NULL,'2015-07-13 23:51:12'),
	(12,17,'2x1','Nomadol','2','2015-08-30',NULL,'2015-07-13 23:51:12'),
	(13,17,'2x1','Nomadol','2','2015-08-30',NULL,'2015-07-13 23:51:12'),
	(14,17,'500','angee','3','2015-07-20',NULL,'2015-07-13 23:51:12'),
	(15,17,'2x3','paracetamol','4','2016-01-01',NULL,'2015-07-13 23:51:12'),
	(16,17,'2x1','Apislin','2','2014-03-03',NULL,'2015-07-13 23:51:12'),
	(17,17,'2x3','karl','3','2016-03-04',NULL,'2015-07-13 23:51:12'),
	(18,17,'2x3','panadil','5','2015-07-25',NULL,'2015-07-13 23:51:12'),
	(19,17,'2x5','curamol','3','2015-08-30',NULL,'2015-07-13 23:51:12'),
	(20,17,'2x2','deuces','1','2015-08-30',NULL,'2015-07-13 23:51:12'),
	(21,17,'2x2','deuces','1','2015-08-30',NULL,'2015-07-13 23:51:12'),
	(22,17,'1x1','toilet','14','2015-08-30',NULL,'2015-07-13 23:51:12'),
	(23,17,'2x1','pee','1','2015-07-20',NULL,'2015-07-13 23:51:12'),
	(24,17,'2','haha','1','2015-07-20',NULL,'2015-07-13 23:51:12'),
	(25,17,'2','haha','1','2015-07-20',NULL,'2015-07-13 23:51:12'),
	(26,32,'12','haha','1','2015-07-20',NULL,'2015-07-13 23:51:12'),
	(27,3,'22','toilet','2','2015-07-25',NULL,'2015-07-13 23:51:12'),
	(28,49,'2x1','hedex','1','2015-07-20',NULL,'2015-07-13 23:51:12'),
	(29,8,'2x1','josh','34','2015-07-20',3,'2015-07-13 23:51:12'),
	(39,45,'1x3','Pepsi','12','2015-07-20',3,'2015-07-14 04:53:27'),
	(40,45,'2x1','Pepsi','12','2015-07-20',3,'2015-07-14 04:58:38'),
	(41,45,'2x1','Pepsi','12','2015-07-20',3,'2015-07-14 04:59:21');

/*!40000 ALTER TABLE `prescription` ENABLE KEYS */;
UNLOCK TABLES;


# Dump of table primarysite
# ------------------------------------------------------------

DROP TABLE IF EXISTS `primarysite`;

CREATE TABLE `primarysite` (
  `siteid` int(11) unsigned NOT NULL AUTO_INCREMENT,
  `sitecode` varchar(11) DEFAULT NULL,
  `sitevalue` varchar(50) DEFAULT NULL,
  PRIMARY KEY (`siteid`)
) ENGINE=InnoDB DEFAULT CHARSET=latin1;

LOCK TABLES `primarysite` WRITE;
/*!40000 ALTER TABLE `primarysite` DISABLE KEYS */;

INSERT INTO `primarysite` (`siteid`, `sitecode`, `sitevalue`)
VALUES
	(1,'C00.0','External upper lip'),
	(2,'C00.1','External lower lip'),
	(3,'C00.2','External lip, NOS'),
	(4,'C00.3','Mucosa of upper lip'),
	(5,'C00.4','Mucosa of lower lip'),
	(6,'C00.5','Mucosa of lip, NOS'),
	(7,'C00.6','Commissure of lip'),
	(8,'C00.8','Overl. lesion of lip'),
	(9,'C00.9','Lip, NOS'),
	(10,'C01.9','Base of tongue, NOS'),
	(11,'C02.0','Dorsal surface of tongue, NOS'),
	(12,'C02.1','Border of tongue'),
	(13,'C02.2','Ventral surface of tongue, NOS'),
	(14,'C02.3','Anterior 2/3 of tongue, NOS'),
	(15,'C02.4','Lingual tonsil'),
	(16,'C02.8','Overl. lesion of tongue'),
	(17,'C02.9','Tongue, NOS'),
	(18,'C03.0','Upper gum'),
	(19,'C03.1','Lower gum'),
	(20,'C03.9','Gum, NOS'),
	(21,'C04.0','Anterior floor of mouth'),
	(22,'C04.1','Lateral floor of mouth'),
	(23,'C04.8','Overl. lesion of floor of mouth'),
	(24,'C04.9','Floor of mouth, NOS'),
	(25,'C05.0','Hard palate'),
	(26,'C05.1','Soft palate, NOS'),
	(27,'C05.2','Uvula'),
	(28,'C05.8','Overl. lesion of palate'),
	(29,'C05.9','Palate, NOS'),
	(30,'C06.0','Cheek mucosa'),
	(31,'C06.1','Vestibule of mouth'),
	(32,'C06.2','Retromolar area'),
	(33,'C06.8','Overl. lesion of other/unspec. parts of mo'),
	(34,'C06.9','Mouth, NOS'),
	(35,'C07.9','Parotid gland'),
	(36,'C08.0','Submandibular gland'),
	(37,'C08.1','Sublingual gland'),
	(38,'C08.8','Overl. lesion of major salivary gland'),
	(39,'C08.9','Major salivary gland, NOS'),
	(40,'C09.0','Tonsillar fossa'),
	(41,'C09.1','Tonsillar pillar'),
	(42,'C09.8','Overl. lesion of tonsil'),
	(43,'C09.9','Tonsil, NOS'),
	(44,'C10.0','Vallecula'),
	(45,'C10.1','Anterior surface of epiglottis'),
	(46,'C10.2','Lateral wall of oropharynx'),
	(47,'C10.3','Posterior wall of oropharynx'),
	(48,'C10.4','Branchial cleft'),
	(49,'C10.8','Overl. lesion of oropharynx'),
	(50,'C10.9','Oropharynx, NOS'),
	(51,'C11.0','Superior wall of nasopharynx'),
	(52,'C11.1','Posterior wall of nasopharynx'),
	(53,'C11.2','Lateral wall of nasopharynx'),
	(54,'C11.3','Anterior wall of nasopharynx'),
	(55,'C11.8','Overl. lesion of nasopharynx'),
	(56,'C11.9','Nasopharynx, NOS'),
	(57,'C12.9','Pyriform sinus'),
	(58,'C13.0','Postcricoid region'),
	(59,'C13.1','Aryepiglottic fold'),
	(60,'C13.2','Posterior wall of hypopharynx'),
	(61,'C13.8','Overl. lesion of hypopharynx'),
	(62,'C13.9','Hypopharynx, NOS'),
	(63,'C14.0','Pharynx, NOS'),
	(64,'C14.1','Laryngopharynx'),
	(65,'C14.2','Waldeyer\'s ring, NOS'),
	(66,'C14.8','Overl. lesion of lip, oral cavity, pharynx'),
	(67,'C15.0','Cervical esophagus'),
	(68,'C15.1','Thoracic esophagus'),
	(69,'C15.2','Abdominal esophagus'),
	(70,'C15.3','Upper third of esophagus'),
	(71,'C15.4','Middle third of esophagus'),
	(72,'C15.5','Lower third of esophagus'),
	(73,'C15.8','Overl. lesion of esophagus'),
	(74,'C15.9','Oesophagus, NOS'),
	(75,'C16.0','Cardia, NOS'),
	(76,'C16.1','Fundus of stomach'),
	(77,'C16.2','Body of stomach'),
	(78,'C16.3','Gastric antrum'),
	(79,'C16.4','Pylorus'),
	(80,'C16.5','Lesser curvature of stomach, NOS'),
	(81,'C16.6','Greater curvature of stomach, NOS'),
	(82,'C16.8','Overl. lesion of stomach'),
	(83,'C16.9','Stomach, NOS'),
	(84,'C17.0','Duodenum'),
	(85,'C17.1','Jejunum'),
	(86,'C17.2','Ileum'),
	(87,'C17.3','Meckel\'s diverticulum'),
	(88,'C17.8','Overl. lesion of small intestine'),
	(89,'C17.9','Small intestine'),
	(90,'C18.0','Cecum'),
	(91,'C18.1','Appendix'),
	(92,'C18.2','Ascending colon'),
	(93,'C18.3','Hepatic flexure of colon'),
	(94,'C18.4','Transverse colon'),
	(95,'C18.5','Splenic flexure of colon'),
	(96,'C18.6','Descending colon'),
	(97,'C18.7','Sigmoid colon'),
	(98,'C18.8','Overl. lesion of colon'),
	(99,'C18.9','Colon, NOS'),
	(100,'C19.9','Rectosigmoid junction'),
	(101,'C20.9','Rectum, NOS'),
	(102,'C21.0','Anus, NOS'),
	(103,'C21.1','Anal canal'),
	(104,'C21.2','Cloacogenic zone'),
	(105,'C21.8','Overl. lesion of rectum,anus & anal canal'),
	(106,'C22.0','Liver'),
	(107,'C22.1','Intrahepatic bile duct'),
	(108,'C23.9','Gallbladder'),
	(109,'C24.0','Extrahepatic bile duct'),
	(110,'C24.1','Ampulla of Vater'),
	(111,'C24.8','Overl. lesion of biliary tract'),
	(112,'C24.9','Biliary tract, NOS'),
	(113,'C25.0','Head of pancreas'),
	(114,'C25.1','Body of pancreas'),
	(115,'C25.2','Tail of pancreas'),
	(116,'C25.3','Pancreatic duct'),
	(117,'C25.4','Islets of Langerhans'),
	(118,'C25.7','Other specified parts of pancreas'),
	(119,'C25.8','Overl. lesion of pancreas'),
	(120,'C25.9','Pancreas, NOS'),
	(121,'C26.0','Intestinal tract, NOS'),
	(122,'C26.8','Overl. lesion of digestive system'),
	(123,'C26.9','Gastrointestinal tract, NOS'),
	(124,'C30.0','Nasal cavity'),
	(125,'C30.1','Middle ear'),
	(126,'C31.0','Maxillary sinus'),
	(127,'C31.1','Ethmoid sinus'),
	(128,'C31.2','Frontal sinus'),
	(129,'C31.3','Sphenoid sinus'),
	(130,'C31.8','Overl. lesion of accessory sinuses'),
	(131,'C31.9','Accessory sinus, NOS'),
	(132,'C32.0','Glottis'),
	(133,'C32.1','Supraglottis'),
	(134,'C32.2','Subglottis'),
	(135,'C32.3','Laryngeal cartilage'),
	(136,'C32.8','Overl. lesion of larynx'),
	(137,'C32.9','Larynx, NOS'),
	(138,'C33.9','Trachea'),
	(139,'C34.0','Main bronchus'),
	(140,'C34.1','Upper lobe, lung'),
	(141,'C34.2','Middle lobe, lung'),
	(142,'C34.3','Lower lobe, lung'),
	(143,'C34.8','Overl. lesion of lung'),
	(144,'C34.9','Lung, NOS'),
	(145,'C37.9','Thymus'),
	(146,'C38.0','Heart'),
	(147,'C38.1','Anterior mediastinum'),
	(148,'C38.2','Posterior mediastinum'),
	(149,'C38.3','Mediastinum, NOS'),
	(150,'C38.4','Pleura, NOS'),
	(151,'C38.8','Overl. lesion of heart, mediastinum, pleur'),
	(152,'C39.0','Upper respiratory tract'),
	(153,'C39.8','Overl. lesion of respiratory system'),
	(154,'C39.9','Ill-defined sites within respiratory syste'),
	(155,'C40.0','Long bones of upper limb, scapula'),
	(156,'C40.1','Short bones of upper limb'),
	(157,'C40.2','Long bones of lower limb'),
	(158,'C40.3','Short bones of lower limb'),
	(159,'C40.8','Overl. lesion of bones of limb'),
	(160,'C40.9','Bone of limb, NOS'),
	(161,'C41.0','Bones of skull and face'),
	(162,'C41.1','Mandible'),
	(163,'C41.2','Vertebral column'),
	(164,'C41.3','Rib, Sternum, Clavicle'),
	(165,'C41.4','Pelvic bones, Sacrum, Coccyx'),
	(166,'C41.8','Overl. lesion of bones'),
	(167,'C41.9','Bone, NOS'),
	(168,'C42.0','Blood'),
	(169,'C42.1','Bone marrow'),
	(170,'C42.2','Spleen'),
	(171,'C42.3','Reticuloendothelial system, NOS'),
	(172,'C42.4','Hematopoietic system, NOS'),
	(173,'C44.0','Skin of lip, NOS'),
	(174,'C44.1','Eyelid'),
	(175,'C44.2','External ear'),
	(176,'C44.3','Skin, other & unspec parts of face'),
	(177,'C44.4','Skin of scalp and neck'),
	(178,'C44.5','Skin of trunk'),
	(179,'C44.6','Skin of upper limb and shoulder'),
	(180,'C44.7','Skin of lower limb and hip'),
	(181,'C44.8','Overl. lesion of skin'),
	(182,'C44.9','Skin, NOS'),
	(183,'C47.0','Per. nerves & A.N.S. of head, face, neck'),
	(184,'C47.1','Per. nerves & A.N.S. of upper limb, should'),
	(185,'C47.2','Per. nerves & A.N.S. of lower limb, hip'),
	(186,'C47.3','Per. nerves & A.N.S. of thorax'),
	(187,'C47.4','Per. nerves & A.N.S. of abdomen'),
	(188,'C47.5','Per. nerves & A.N.S. of pelvis'),
	(189,'C47.6','Per. nerves & A.N.S. of trunk'),
	(190,'C47.8','Overl. lesion of peripheral nerves & ANS'),
	(191,'C47.9','Autonomic nervous system, NOS'),
	(192,'C48.0','Retroperitoneum'),
	(193,'C48.1','Specified parts of peritoneum'),
	(194,'C48.2','Peritoneum, NOS'),
	(195,'C48.8','Overl. lesion of retroperitoneum & periton'),
	(196,'C49.0','Soft tissues of head, face, & neck'),
	(197,'C49.1','Soft tissues of upper limb, shoulder'),
	(198,'C49.2','Soft tissues of lower limb and hip'),
	(199,'C49.3','Soft tissues of thorax'),
	(200,'C49.4','Soft tissues of abdomen'),
	(201,'C49.5','Soft tissues of pelvis'),
	(202,'C49.6','Soft tissues of trunk'),
	(203,'C49.8','Overl. lesion of soft tissues'),
	(204,'C49.9','Other soft tissues'),
	(205,'C50.0','Nipple'),
	(206,'C50.1','Central portion of breast'),
	(207,'C50.2','Upper-inner quadrant of breast'),
	(208,'C50.3','Lower-inner quadrant of breast'),
	(209,'C50.4','Upper-outer quadrant of breast'),
	(210,'C50.5','Lower-outer quadrant of breast'),
	(211,'C50.6','Axillary tail of breast'),
	(212,'C50.8','Overl. lesion of breast'),
	(213,'C50.9','Breast, NOS'),
	(214,'C51.0','Labium majus'),
	(215,'C51.1','Labium minus'),
	(216,'C51.2','Clitoris'),
	(217,'C51.8','Overl. lesion of vulva'),
	(218,'C51.9','Vulva, NOS'),
	(219,'C52.9','Vagina, NOS'),
	(220,'C53.0','Endocervix'),
	(221,'C53.1','Exocervix'),
	(222,'C53.8','Overl. lesion of cervix uteri'),
	(223,'C53.9','Cervix uteri'),
	(224,'C54.0','Isthmus uteri'),
	(225,'C54.1','Endometrium'),
	(226,'C54.2','Myometrium'),
	(227,'C54.3','Fundus uteri'),
	(228,'C54.8','Overl. lesion of corpus uteri'),
	(229,'C54.9','Corpus uteri'),
	(230,'C55.9','Uterus, NOS'),
	(231,'C56.9','Ovary'),
	(232,'C57.0','Fallopian tube'),
	(233,'C57.1','Broad ligament'),
	(234,'C57.2','Round ligament'),
	(235,'C57.3','Parametrium'),
	(236,'C57.4','Uterine adnexa'),
	(237,'C57.7','Other parts of female genital organs'),
	(238,'C57.8','Overl. lesion of female genital organs'),
	(239,'C57.9','Female genital tract, NOS'),
	(240,'C58.9','Placenta'),
	(241,'C60.0','Prepuce'),
	(242,'C60.1','Glans penis'),
	(243,'C60.2','Body of penis'),
	(244,'C60.8','Overl. lesion of penis'),
	(245,'C60.9','Penis, NOS'),
	(246,'C61.9','Prostate gland'),
	(247,'C62.0','Undescended testis'),
	(248,'C62.1','Descended testis'),
	(249,'C62.9','Testis, NOS'),
	(250,'C63.0','Epididymis'),
	(251,'C63.1','Spermatic cord'),
	(252,'C63.2','Scrotum, NOS'),
	(253,'C63.7','Other parts of male genital organs'),
	(254,'C63.8','Overl. lesion of male genital organs'),
	(255,'C63.9','Male genital organs, NOS'),
	(256,'C64.9','Kidney, NOS'),
	(257,'C65.9','Renal pelvis'),
	(258,'C66.9','Ureter'),
	(259,'C67.0','Trigone of urinary bladder'),
	(260,'C67.1','Dome of urinary bladder'),
	(261,'C67.2','Lateral wall of urinary bladder'),
	(262,'C67.3','Anterior wall of urinary bladder'),
	(263,'C67.4','Posterior wall of urinary bladder'),
	(264,'C67.5','Bladder neck'),
	(265,'C67.6','Ureteric orifice'),
	(266,'C67.7','Urachus'),
	(267,'C67.8','Overl. lesion of bladder'),
	(268,'C67.9','Urinary bladder, NOS'),
	(269,'C68.0','Urethra'),
	(270,'C68.1','Paraurethral gland'),
	(271,'C68.8','Overl. lesion of urinary organs'),
	(272,'C68.9','Urinary system, NOS'),
	(273,'C69.0','Conjunctiva'),
	(274,'C69.1','Cornea, NOS'),
	(275,'C69.2','Retina'),
	(276,'C69.3','Choroid'),
	(277,'C69.4','Ciliary body'),
	(278,'C69.5','Lacrimal gland, NOS'),
	(279,'C69.6','Orbit, NOS'),
	(280,'C69.8','Overl. lesion of eye, adnexa'),
	(281,'C69.9','Eye, NOS'),
	(282,'C70.0','Cerebral meninges'),
	(283,'C70.1','Spinal meninges'),
	(284,'C70.9','Meninges, NOS'),
	(285,'C71.0','Cerebrum'),
	(286,'C71.1','Frontal lobe'),
	(287,'C71.2','Temporal lobe'),
	(288,'C71.3','Parietal lobe'),
	(289,'C71.4','Occipital lobe'),
	(290,'C71.5','Ventricle, NOS'),
	(291,'C71.6','Cerebellum, NOS'),
	(292,'C71.7','Brain stem'),
	(293,'C71.8','Overl. lesion of brain'),
	(294,'C71.9','Brain, NOS'),
	(295,'C72.0','Spinal cord'),
	(296,'C72.1','Cauda equina'),
	(297,'C72.2','Olfactory nerve'),
	(298,'C72.3','Optic nerve'),
	(299,'C72.4','Acoustic nerve'),
	(300,'C72.5','Cranial nerve'),
	(301,'C72.8','Overl. lesion of brain and CNS'),
	(302,'C72.9','Nervous system, NOS'),
	(303,'C73.9','Thyroid gland'),
	(304,'C74.0','Cortex of adrenal gland'),
	(305,'C74.1','Medulla of adrenal gland'),
	(306,'C74.9','Adrenal gland, NOS'),
	(307,'C75.0','Parathyroid gland'),
	(308,'C75.1','Pituitary gland'),
	(309,'C75.2','Craniopharyngeal duct'),
	(310,'C75.3','Pineal gland'),
	(311,'C75.4','Carotid body'),
	(312,'C75.5','Aortic body and other paraganglia'),
	(313,'C75.8','Overl. lesion of endocrine glands'),
	(314,'C75.9','Endocrine gland, NOS'),
	(315,'C76.0','Head, face or neck, NOS'),
	(316,'C76.1','Thorax, NOS'),
	(317,'C76.2','Abdomen, NOS'),
	(318,'C76.3','Pelvis, NOS'),
	(319,'C76.4','Upper limb, NOS'),
	(320,'C76.5','Lower limb, NOS'),
	(321,'C76.7','Other ill-defined sites'),
	(322,'C76.8','Overl. lesion of ill-defined sites'),
	(323,'C77.0','Lymph nodes of head, face and neck'),
	(324,'C77.1','Intrathoracic lymph nodes'),
	(325,'C77.2','Intra-abdominal lymph nodes'),
	(326,'C77.3','Lymph nodes of axilla or arm'),
	(327,'C77.4','Lymph nodes, inguinal region or leg'),
	(328,'C77.5','Pelvic lymph nodes'),
	(329,'C77.8','Lymph nodes of multiple regions'),
	(330,'C77.9','Lymph node, NOS'),
	(331,'C80.9','Unknown primary site');

/*!40000 ALTER TABLE `primarysite` ENABLE KEYS */;
UNLOCK TABLES;


# Dump of table resultvalues
# ------------------------------------------------------------

DROP TABLE IF EXISTS `resultvalues`;

CREATE TABLE `resultvalues` (
  `id` int(11) unsigned NOT NULL AUTO_INCREMENT,
  `observation_code` int(11) DEFAULT NULL,
  `ms` varchar(11) DEFAULT NULL,
  `vs` varchar(11) DEFAULT NULL,
  `screening` text,
  `activity` text,
  `observation_group` varchar(50) DEFAULT NULL,
  `observation_value` varchar(100) DEFAULT NULL,
  PRIMARY KEY (`id`)
) ENGINE=InnoDB DEFAULT CHARSET=latin1;

LOCK TABLES `resultvalues` WRITE;
/*!40000 ALTER TABLE `resultvalues` DISABLE KEYS */;

INSERT INTO `resultvalues` (`id`, `observation_code`, `ms`, `vs`, `screening`, `activity`, `observation_group`, `observation_value`)
VALUES
	(1,1,'NA','VS','Screening\n','Phys','Physical Examination','Leprosy suspected'),
	(2,2,'NA','VS','Screening\n','Phys','Physical Examination','Other notifiable disease than leprosy suspected'),
	(3,3,'NA','VS','Screening\n','Phys','Physical Examination','No notifiable disease suspected'),
	(4,4,'NA','VS','Screening\n','CXR','General findings ','Skeletal and/or tissue abnormalities '),
	(5,5,'NA','VS','Screening\n','CXR','General findings ','Abnormal great vessels or heart shadows'),
	(6,6,'NA','VS','Screening\n','CXR','General findings ','Abnormal hilar shadow and/or lymphatic glands'),
	(7,7,'NA','VS','Screening\n','CXR','General findings ','Abnormal hemidiaphragms'),
	(8,8,'NA','VS','Screening\n','CXR','General findings ','Abnormal lung fields'),
	(9,9,'NA','VS','Screening\n','CXR','General findings ','Evidence of ANY fibrosis / fibrocalcification involving the upper lobes or superior segments of the '),
	(10,10,'NA','VS','Screening\n','CXR','General findings ','Any other abnormalities'),
	(11,11,'NA','VS','Screening\n','CXR','Special findings','Single fibrosis streak / band / scar'),
	(12,12,'NA','VS','Screening\n','CXR','Special findings','Bony islets'),
	(13,13,'NA','VS','Screening\n','CXR','Special findings','Apical pleural capping with a smoth inferior border (less than 1 cm thick at all points)'),
	(14,14,'NA','VS','Screening\n','CXR','Special findings','Unilateral or bilateral costophrenic angle blunting (below the horizontal)'),
	(15,15,'NA','VS','Screening\n','CXR','Special findings','Calcified nodule(s) in the hilum / mediastinum with no pulmonary granulomas'),
	(16,16,'NA','VS','Screening\n','CXR','Special findings','Solitary granulomas (less than 1 cm and of any lobe) with unremarkable hilum'),
	(17,17,'NA','VS','Screening\n','CXR','Special findings','Solitary granuloma  (less than 1 cm and of any lobe with calcified  / enlarged hilar lymph nodes'),
	(18,18,'NA','VS','Screening\n','CXR','Special findings','Single / multiple calcified pulmonary nodules / micronodules with distinct borders'),
	(19,19,'NA','VS','Screening\n','CXR','Special findings','Calcified pleural lesions'),
	(20,20,'NA','VS','Screening\n','CXR','Special findings','Costophrenic angle blunting (either side above the horizontal)'),
	(21,21,'NA','VS','Screening\n','CXR','Special findings','Notable apical pleural capping (rough or ragged inferior border and or > 1 cm thick at any point'),
	(22,22,'NA','VS','Screening\n','CXR','Special findings','Apical fibronodular / fibrocalcific lesions or apical microcalcifications'),
	(23,23,'NA','VS','Screening\n','CXR','Special findings','Multiple / single pulmonary nodules /micronodules (noncalcified or poorly defined)'),
	(24,24,'NA','VS','Screening\n','CXR','Special findings','Isolated hilar or mediastinal mass / lymphoadenopathy (noncalcified)'),
	(25,25,'NA','VS','Screening\n','CXR','Special findings','Single / multiple pulmonary nodules / masses more than 1 cm'),
	(26,26,'NA','VS','Screening\n','CXR','Special findings','Non-calcified pleural fibrosis and / or effusion'),
	(27,27,'NA','VS','Screening\n','CXR','Special findings','Interstitial fibrosis / parenchymal lung disease / acute pulmonary disease'),
	(28,28,'NA','VS','Screening\n','CXR','Special findings','ANY cavitating lesion OR \"Fluffy\" or \"Soft\" lesions felt likely to represent active TB'),
	(29,29,'NA','VS','Screening\n','CXR','Special findings','None of the above is present'),
	(30,30,'NA','VS','Screening\n','CXR','Final Evaluation','Normal chest X-ray'),
	(31,31,'NA','VS','Screening\n','CXR','Final Evaluation','Abnormal NOT PTB'),
	(32,32,'NA','VS','Screening\n','CXR','Final Evaluation','Abnormal Old Inactive PTB'),
	(33,33,'NA','VS','Screening\n','CXR','Final Evaluation','Abnormal High suspicion of PTB'),
	(34,34,'NA','VS','Screening\n','CXR','Final Evaluation','Abnormal Medium suspicion of PTB'),
	(35,35,'NA','VS','Screening\n','CXR','Final Evaluation','Abnormal low suspicion of PTB'),
	(36,36,'NA','VS','Screening\n','CXR','Final Evaluation','Suspicion of  Extra Pulmonary TB'),
	(37,37,'NA','VS','Screening\n','CXR','Final Evaluation','Suspicion of  other notifiable disease than TB '),
	(38,38,'NA','VS','Screening\n','CXR','Final Evaluation','Excluded due to pregnancy. CXR postponed to '),
	(39,39,'NA','VS','Screening\n','CXR','Final Evaluation','dd/mm/yyyy'),
	(40,40,'NA','VS','Screening\n','TB ','AFB Smear','0 per 300 fields                Negative for AFB'),
	(41,41,'NA','VS','Screening\n','TB ','AFB Smear','1 per 300 fields.  Equivocal. Repeat with new specimen. '),
	(42,42,'NA','VS','Screening\n','TB ','AFB Smear','2 per 300 fields.  Equivocal. Repeat with new specimen. '),
	(43,43,'NA','VS','Screening\n','TB ','AFB Smear','1-9 per 100 fields. 1+       Positive for AFB.'),
	(44,44,'NA','VS','Screening\n','TB ','AFB Smear','1-9 per 10 fields.   2+       Positive for AFB'),
	(45,45,'NA','VS','Screening\n','TB ','AFB Smear','1-9 per field.          3+       Positive for AFB.'),
	(46,46,'NA','VS','Screening\n','TB ','AFB Smear','>9 per field.           4+       Positive for AFB'),
	(47,47,'NA','VS','Screening\n','TB ','TB Culture','No growth of Mycobacteria'),
	(48,48,'NA','VS','Screening\n','TB ','TB Culture','Growth of Mycobacterium tuberculosis (MTB) complex'),
	(49,49,'NA','VS','Screening\n','TB ','TB Culture','Growth of Mycobacteria other than Mycobacterium tuberculosis (MOTT) '),
	(50,50,'NA','VS','Screening\n','TB ','TB Culture','Contaminated'),
	(51,51,'NA','VS','Screening\n','TB ','Drug Susceptibility Testing (DST)','Isoniazid sensitive'),
	(52,52,'NA','VS','Screening\n','TB ','Drug Susceptibility Testing (DST)','Isoniazid resistant'),
	(53,53,'NA','VS','Screening\n','TB ','Drug Susceptibility Testing (DST)','Isoniazid not tested'),
	(54,54,'NA','VS','Screening\n','TB ','Drug Susceptibility Testing (DST)','Rifampicin sensitive'),
	(55,55,'NA','VS','Screening\n','TB ','Drug Susceptibility Testing (DST)','Rifampicin resistant'),
	(56,56,'NA','VS','Screening\n','TB ','Drug Susceptibility Testing (DST)','Rifampicin not tested'),
	(57,57,'NA','VS','Screening\n','TB ','Drug Susceptibility Testing (DST)','Pyrazinamide sensitive'),
	(58,58,'NA','VS','Screening\n','TB ','Drug Susceptibility Testing (DST)','Pyrazinamide resistant'),
	(59,59,'NA','VS','Screening\n','TB ','Drug Susceptibility Testing (DST)','Pyrazinamide  not tested'),
	(60,60,'NA','VS','Screening\n','TB ','Drug Susceptibility Testing (DST)','Ethambutol sensitive'),
	(61,61,'NA','VS','Screening\n','TB ','Drug Susceptibility Testing (DST)','Ethambutol resistant'),
	(62,62,'NA','VS','Screening\n','TB ','Drug Susceptibility Testing (DST)','Ethambutol not tested'),
	(63,63,'NA','VS','Screening\n','TB ','Drug Susceptibility Testing (DST)','Streptomycin sensitive'),
	(64,64,'NA','VS','Screening\n','TB ','Drug Susceptibility Testing (DST)','Streptomycin resistant'),
	(65,65,'NA','VS','Screening\n','TB ','Drug Susceptibility Testing (DST)','Streptomycin not tested'),
	(66,66,'MS','VS','Screening\n','HIV','HiIVAb1 & HIVAb2','HIV Not reactive'),
	(67,67,'MS','VS','Screening\n','HIV','HiIVAb1 & HIVAb2','HIV Reactive'),
	(68,68,'MS','VS','Screening\n','HIV','HiIVAb1 & HIVAb2','HIV Equivocal '),
	(69,69,'MS','VS','Screening\n','HIV','HiIVAb1 & HIVAb2','HIV Not valid'),
	(70,70,'MS','VS','Screening\n','HIV','HiIVAb1 & HIVAb2','HIV Repeateadly Reactive'),
	(71,71,'MS','VS','Screening\n','HIV','HiIVAb1 & HIVAb2','HIV Repeateadly Equivocal'),
	(72,72,'MS','VS','Screening\n','HBV','HBsAg','HBsAg Not reactive'),
	(73,73,'MS','VS','Screening\n','HBV','HBsAg','HBsAg Reactive'),
	(74,74,'MS','VS','Screening\n','HBV','HBsAg','HBsAg Equivocal '),
	(75,75,'MS','VS','Screening\n','HBV','HBsAg','HBsAg Not valid'),
	(76,76,'MS','VS','Screening\n','HBV','HBsAg','HBsAg Repeateadly Reactive'),
	(77,77,'MS','VS','Screening\n','HBV','HBsAg','HBsAg Repeateadly Equivocal'),
	(78,78,'MS','VS','Screening\n','Syphilis','Syphilis EIA/RPR','Syphilis Not reactive'),
	(79,79,'MS','VS','Screening\n','Syphilis','Syphilis EIA/RPR','Syphilis Reactive'),
	(80,80,'MS','VS','Screening\n','Syphilis','Syphilis EIA/RPR','Syphilis Equivocal '),
	(81,81,'MS','VS','Screening\n','Syphilis','Syphilis EIA/RPR','Syphilis Not valid'),
	(82,82,'MS','VS','Screening\n','Syphilis','Syphilis EIA/RPR','Syphilis Repeateadly Reactive'),
	(83,83,'MS','VS','Screening\n','Syphilis','Syphilis EIA/RPR','Syphilis Repeateadly Equivocal'),
	(84,84,'NA','VS','Screening\n','Vaccine','Hepatits B vaccine','Hepatitis B vaccine first dose'),
	(85,85,'NA','VS','Screening\n','Vaccine','Hepatits B vaccine','Hepatitis B vaccine second  dose'),
	(86,86,'NA','VS','Screening\n','Vaccine','Hepatits B vaccine','Hepatitis B vaccine third dose'),
	(87,87,'NA','VS','Screening\n','Pregnancy','hCG','Pregnant'),
	(88,88,'NA','VS','Screening\n','Pregnancy','hCG','Not pregnant'),
	(89,89,'NA','VS','Confirmation','Phys','Leprosy','Leprosy confirmed'),
	(90,90,'NA','VS','Confirmation','Phys','Leprosy','Negative'),
	(91,91,'MS','VS','Confirmation','HIV','1st specimen repeatedly reactive & 2nd specimen ne','Perform root cause analysis of suspected mismatch or fraud'),
	(92,92,'MS','VS','Confirmation','HIV','WB I positive','HIV infection confirmed'),
	(93,93,'MS','VS','Confirmation','HIV','WB I negative & WB II positive','HIV infection confirmed'),
	(94,94,'MS','VS','','HIV','WB I negative & WB II negative','Negative'),
	(95,95,'MS','VS','Confirmation','HIV','WB I indeterminate & WB II positive','HIV infection confirmed'),
	(96,96,'MS','VS','Confirmation','HIV','WB I indeterminate & WB II negative','Pending PCR-DNA Test'),
	(97,97,'MS','VS','Confirmation','HIV','WB I indeterminate & WB II negative & PCR-DNA posi','HIV infection confirmed'),
	(98,98,'MS','VS','Confirmation','HIV','WB I indeterminate & WB II negative & PCR-DNA nega','Infection not likely. Follow up after 3 & 6 months with HIV Screening and WB.'),
	(99,99,'MS','VS','Confirmation','HIV','HIV screening  reactive, WB I indeterminate and WB','Infection not likely. Follow up after another 3 months with HIV screening and WB.'),
	(100,100,'MS','VS','Confirmation','HIV','HIV screening  reactive, WB I indeterminate and WB','Negative'),
	(101,101,'MS','VS','Confirmation','HIV','HIV screening  reactive, WB I indeterminate and WB','HIV infection confirmed'),
	(102,102,'MS','VS','Confirmation','HIV','HIV screening  reactive, WB I indeterminate and WB','HIV infection confirmed'),
	(103,103,'MS','VS','Confirmation','HIV','HIV screening  reactive and WB I positive after  3','HIV infection confirmed'),
	(104,104,'MS','VS','Confirmation','HIV','HIV screening  reactive and WB I positive after a ','HIV infection confirmed'),
	(105,105,'MS','VS','Confirmation','HBsAg','1st specimen repeatedly reactive & 2nd specimen ne','Perform root cause analysis of suspected mismatch or fraud'),
	(106,106,'MS','VS','Confirmation','HBsAg','CPT 87341 Hepatitis B surface antigen (HsAg) neutr','Negative'),
	(107,107,'MS','VS','Confirmation','HBsAg','CPT 87341 Hepatitis B surface antigen (HsAg) neutr','HBV infection confirmed'),
	(108,108,'MS','VS','Confirmation','Syphilis','1st specimen repeatedly reactive & 2nd specimen ne','Perform root cause analysis of suspected mismatch or fraud'),
	(109,109,'MS','VS','Confirmation','Syphilis','CPT 86781  Treponema pallidum, confirmatory test n','Negative'),
	(110,110,'MS','VS','Confirmation','Syphilis','CPT 86781  Treponema pallidum, confirmatory test p','Consisent with treponemal infection'),
	(111,111,'MS','VS','Confirmation','Syphilis','CPT 86593 Syphilis test; quantitative (RPR) ','Negative'),
	(112,112,'MS','VS','Confirmation','Syphilis','CPT 86593 Syphilis test; quantitative (RPR) ','Reactive titre 1/2'),
	(113,113,'MS','VS','Confirmation','Syphilis','CPT 86593 Syphilis test; quantitative (RPR) ','Reactaive titer 1/4'),
	(114,114,'MS','VS','Confirmation','Syphilis','CPT 86593 Syphilis test; quantitative (RPR) ','Reactive titer 1/8'),
	(115,115,'MS','VS','Confirmation','Syphilis','CPT 86593 Syphilis test; quantitative (RPR) ','Reactive titer 1/16'),
	(116,116,'MS','VS','Confirmation','Syphilis','CPT 86593 Syphilis test; quantitative (RPR) ','Reactive titer 1/32'),
	(117,117,'MS','VS','Confirmation','Syphilis','CPT 86593 Syphilis test; quantitative (RPR) ','Reactive titer 1/64'),
	(118,118,'MS','VS','Confirmation','Syphilis','CPT 86593 Syphilis test; quantitative (RPR) ','Reactive titer 1/128'),
	(119,120,'','','Screening\n','CVD','Neuropathy','Normal'),
	(120,121,'','','Screening\n','CVD','Neuropathy','Callouses/injuries due to lack of sensation'),
	(121,122,'','','Screening\n','CVD','Neuropathy','Loss of sensation or vibration-sense '),
	(122,123,'','','Screening\n','CVD','Neuropathy','Other abnormality'),
	(123,130,'','','Screening\n','CVD','PeripheralVascular','normal\n'),
	(124,131,'','','Screening\n','CVD','PeripheralVascular','reduced foot pulses\n'),
	(125,132,'','','Screening\n','CVD','PeripheralVascular','absent foot pulses '),
	(126,133,'','','Screening\n','CVD','PeripheralVascular','tissue ischaemia'),
	(127,134,'','','Screening\n','CVD','PeripheralVascular','symptoms of intermittent claudication'),
	(128,140,'','','Screening\n','CVD','Retina','normal'),
	(129,141,'','','Screening\n','CVD','Retina','referable maculopathy'),
	(130,142,'','','Screening\n','CVD','Retina','referable pre-proliferative retinopathy '),
	(131,143,'','','Screening\n','CVD','Retina','unexplained drop in visual acuity'),
	(132,144,'','','Screening\n','CVD','Retina','other abnormality'),
	(133,200,'','','Confirmation','Cancer','Sequence number','One malignant or in situ primary only in the patient?s lifetime'),
	(134,201,'','','Confirmation','Cancer','Sequence number','First of two or more independent malignant or in situ primaries'),
	(135,202,'','','Confirmation','Cancer','Sequence number','Second of two or more independent malignant or in situ primaries'),
	(136,203,'','','Confirmation','Cancer','Sequence number','3/3 independent malignant or in situ primaries'),
	(137,204,'','','Confirmation','Cancer','Sequence number','4/4 independent malignant or in situ primaries'),
	(138,205,'','','Confirmation','Cancer','Sequence number','5/5 independent malignant or in situ primaries'),
	(139,206,'','','Confirmation','Cancer','Sequence number','6/6 independent malignant or in situ primaries'),
	(140,207,'','','Confirmation','Cancer','Sequence number','7/7 independent malignant or in situ primaries'),
	(141,208,'','','Confirmation','Cancer','Sequence number','8/8 independent malignant or in situ primaries'),
	(142,209,'','','Confirmation','Cancer','Sequence number','9/9 independent malignant or in situ primaries'),
	(143,210,'','','Confirmation','Cancer','Sequence number','10/10 independent malignant or in situ primaries'),
	(144,211,'','','Confirmation','Cancer','Sequence number','11/11 independent malignant or in situ primaries'),
	(145,212,'','','Confirmation','Cancer','Sequence number','12/12 independent malignant or in situ primaries'),
	(146,213,'','','Confirmation','Cancer','Sequence number','13/13 independent malignant or in situ primaries'),
	(147,214,'','','Confirmation','Cancer','Sequence number','14/14 independent malignant or in situ primaries'),
	(148,215,'','','Confirmation','Cancer','Sequence number','15/15 independent malignant or in situ primaries'),
	(149,216,'','','Confirmation','Cancer','Sequence number','16/16 independent malignant or in situ primaries'),
	(150,217,'','','Confirmation','Cancer','Sequence number','17/17 independent malignant or in situ primaries'),
	(151,218,'','','Confirmation','Cancer','Sequence number','18/18 independent malignant or in situ primaries'),
	(152,219,'','','Confirmation','Cancer','Sequence number','19/19 independent malignant or in situ primaries'),
	(153,220,'','','Confirmation','Cancer','Sequence number','20/20 independent malignant or in situ primaries'),
	(154,221,'','','Confirmation','Cancer','Sequence number','21/21 independent malignant or in situ primaries'),
	(155,222,'','','Confirmation','Cancer','Sequence number','22/22 independent malignant or in situ primaries'),
	(156,223,'','','Confirmation','Cancer','Sequence number','23/23 independent malignant or in situ primaries'),
	(157,224,'','','Confirmation','Cancer','Sequence number','24/24 independent malignant or in situ primaries'),
	(158,225,'','','Confirmation','Cancer','Sequence number','25/25 independent malignant or in situ primaries'),
	(159,226,'','','Confirmation','Cancer','Sequence number','26/26 independent malignant or in situ primaries'),
	(160,227,'','','Confirmation','Cancer','Sequence number','27/27 independent malignant or in situ primaries'),
	(161,228,'','','Confirmation','Cancer','Sequence number','28/28 independent malignant or in situ primaries'),
	(162,229,'','','Confirmation','Cancer','Sequence number','29/29 independent malignant or in situ primaries'),
	(163,230,'','','Confirmation','Cancer','Sequence number','30/30 independent malignant or in situ primaries'),
	(164,231,'','','Confirmation','Cancer','Sequence number','31/31 independent malignant or in situ primaries'),
	(165,232,'','','Confirmation','Cancer','Sequence number','32/32 independent malignant or in situ primaries'),
	(166,233,'','','Confirmation','Cancer','Sequence number','33/33 independent malignant or in situ primaries'),
	(167,234,'','','Confirmation','Cancer','Sequence number','34/34 independent malignant or in situ primaries'),
	(168,235,'','','Confirmation','Cancer','Sequence number','35/35 independent malignant or in situ primaries'),
	(169,236,'','','Confirmation','Cancer','Sequence number','36/36 independent malignant or in situ primaries'),
	(170,237,'','','Confirmation','Cancer','Sequence number','37/37 independent malignant or in situ primaries'),
	(171,238,'','','Confirmation','Cancer','Sequence number','38/38 independent malignant or in situ primaries'),
	(172,239,'','','Confirmation','Cancer','Sequence number','39/39 independent malignant or in situ primaries'),
	(173,240,'','','Confirmation','Cancer','Sequence number','40/40 independent malignant or in situ primaries'),
	(174,241,'','','Confirmation','Cancer','Sequence number','41/41 independent malignant or in situ primaries'),
	(175,242,'','','Confirmation','Cancer','Sequence number','42/42 independent malignant or in situ primaries'),
	(176,243,'','','Confirmation','Cancer','Sequence number','43/43 independent malignant or in situ primaries'),
	(177,244,'','','Confirmation','Cancer','Sequence number','44/44 independent malignant or in situ primaries'),
	(178,245,'','','Confirmation','Cancer','Sequence number','45/45 independent malignant or in situ primaries'),
	(179,246,'','','Confirmation','Cancer','Sequence number','46/46 independent malignant or in situ primaries'),
	(180,247,'','','Confirmation','Cancer','Sequence number','47/47 independent malignant or in situ primaries'),
	(181,248,'','','Confirmation','Cancer','Sequence number','48/48 independent malignant or in situ primaries'),
	(182,249,'','','Confirmation','Cancer','Sequence number','49/49 independent malignant or in situ primaries'),
	(183,250,'','','Confirmation','Cancer','Sequence number','50/50 independent malignant or in situ primaries'),
	(184,251,'','','Confirmation','Cancer','Sequence number','51/51 independent malignant or in situ primaries'),
	(185,252,'','','Confirmation','Cancer','Sequence number','52/52 independent malignant or in situ primaries'),
	(186,253,'','','Confirmation','Cancer','Sequence number','53/53 independent malignant or in situ primaries'),
	(187,254,'','','Confirmation','Cancer','Sequence number','54/54 independent malignant or in situ primaries'),
	(188,255,'','','Confirmation','Cancer','Sequence number','55/55 independent malignant or in situ primaries'),
	(189,256,'','','Confirmation','Cancer','Sequence number','56/56 independent malignant or in situ primaries'),
	(190,257,'','','Confirmation','Cancer','Sequence number','57/57 independent malignant or in situ primaries'),
	(191,258,'','','Confirmation','Cancer','Sequence number','58/58 independent malignant or in situ primaries'),
	(192,259,'','','Confirmation','Cancer','Sequence number','Fifty-nine or more independent malignant or in situ primaries'),
	(193,299,'','','Confirmation','Cancer','Sequence number','Unspecified malignant or in situ sequence number or unknown'),
	(194,260,'','','Confirmation','Cancer','Sequence number','Only one non-malignant primary'),
	(195,261,'','','Confirmation','Cancer','Sequence number','First of two or more independent non-malignant primaries'),
	(196,262,'','','Confirmation','Cancer','Sequence number','Second of two or more independent non-malignant primaries'),
	(197,263,'','','Confirmation','Cancer','Sequence number','3/3 independent non-malignant primaries'),
	(198,264,'','','Confirmation','Cancer','Sequence number','4/4 independent non-malignant primaries'),
	(199,265,'','','Confirmation','Cancer','Sequence number','5/5 independent non-malignant primaries'),
	(200,266,'','','Confirmation','Cancer','Sequence number','6/6 independent non-malignant primaries'),
	(201,267,'','','Confirmation','Cancer','Sequence number','7/7 independent non-malignant primaries'),
	(202,268,'','','Confirmation','Cancer','Sequence number','8/8 independent non-malignant primaries'),
	(203,269,'','','Confirmation','Cancer','Sequence number','9/9 independent non-malignant primaries'),
	(204,270,'','','Confirmation','Cancer','Sequence number','10/10 independent non-malignant primaries'),
	(205,271,'','','Confirmation','Cancer','Sequence number','11/11 independent non-malignant primaries'),
	(206,272,'','','Confirmation','Cancer','Sequence number','12/12 independent non-malignant primaries'),
	(207,273,'','','Confirmation','Cancer','Sequence number','13/13 independent non-malignant primaries'),
	(208,274,'','','Confirmation','Cancer','Sequence number','14/14 independent non-malignant primaries'),
	(209,275,'','','Confirmation','Cancer','Sequence number','15/15 independent non-malignant primaries'),
	(210,276,'','','Confirmation','Cancer','Sequence number','16/16 independent non-malignant primaries'),
	(211,277,'','','Confirmation','Cancer','Sequence number','17/17 independent non-malignant primaries'),
	(212,278,'','','Confirmation','Cancer','Sequence number','18/18 independent non-malignant primaries'),
	(213,279,'','','Confirmation','Cancer','Sequence number','19/19 independent non-malignant primaries'),
	(214,280,'','','Confirmation','Cancer','Sequence number','20/20 independent non-malignant primaries'),
	(215,281,'','','Confirmation','Cancer','Sequence number','21/21 independent non-malignant primaries'),
	(216,282,'','','Confirmation','Cancer','Sequence number','22/22 independent non-malignant primaries'),
	(217,283,'','','Confirmation','Cancer','Sequence number','23/23 independent non-malignant primaries'),
	(218,284,'','','Confirmation','Cancer','Sequence number','24/24 independent non-malignant primaries'),
	(219,285,'','','Confirmation','Cancer','Sequence number','25/25 independent non-malignant primaries'),
	(220,286,'','','Confirmation','Cancer','Sequence number','26/26 independent non-malignant primaries'),
	(221,287,'','','Confirmation','Cancer','Sequence number','Twenty-seventh of twenty-seven independent non-malignant primaries'),
	(222,288,'','','Confirmation','Cancer','Sequence number','Unspecified number of neoplasms in this category.'),
	(223,300,'','','Confirmation','Cancer','Behaviour','Benign'),
	(224,301,'','','Confirmation','Cancer','Behaviour','Uncert. ben/mal'),
	(225,302,'','','Confirmation','Cancer','Behaviour','In situ'),
	(226,303,'','','Confirmation','Cancer','Behaviour','Malignant'),
	(227,306,'','','Confirmation','Cancer','Behaviour','Metastasis'),
	(228,309,'','','Confirmation','Cancer','Behaviour','Unknown'),
	(229,310,'','','Confirmation','Cancer','Grade','Grade I (Well diff)'),
	(230,311,'','','Confirmation','Cancer','Grade','Grade II (Mod diff)'),
	(231,312,'','','Confirmation','Cancer','Grade','Grade III (Poor diff)'),
	(232,313,'','','Confirmation','Cancer','Grade','Grade IV (Undiff Anaplastic)'),
	(233,314,'','','Confirmation','Cancer','Grade','T-cell'),
	(234,315,'','','Confirmation','Cancer','Grade','B-cell'),
	(235,316,'','','Confirmation','Cancer','Grade','Null cell'),
	(236,317,'','','Confirmation','Cancer','Grade','Killer cell'),
	(237,318,'','','Confirmation','Cancer','Grade','Unknown'),
	(238,320,'','','Confirmation','Cancer','Laterality','Not paired'),
	(239,321,'','','Confirmation','Cancer','Laterality','Right'),
	(240,322,'','','Confirmation','Cancer','Laterality','Left'),
	(241,323,'','','Confirmation','Cancer','Laterality','One side,but unknown'),
	(242,324,'','','Confirmation','Cancer','Laterality','Bilateral Involvemnt'),
	(243,328,'','','Confirmation','Cancer','Laterality','Not Applicable'),
	(244,329,'','','Confirmation','Cancer','Laterality','Paired, Lat. Unknown'),
	(245,330,'','','Confirmation','Cancer','Basis of Diagnosis','Death Certificate Only'),
	(246,331,'','','Confirmation','Cancer','Basis of Diagnosis','Clinical only'),
	(247,332,'','','Confirmation','Cancer','Basis of Diagnosis','Clin. Invest./Ult Sound'),
	(248,333,'','','Confirmation','Cancer','Basis of Diagnosis','Surgery/Autopsy'),
	(249,334,'','','Confirmation','Cancer','Basis of Diagnosis','Laboratory test'),
	(250,335,'','','Confirmation','Cancer','Basis of Diagnosis','Cytology/Haematological'),
	(251,336,'','','Confirmation','Cancer','Basis of Diagnosis','Histology of metastases'),
	(252,337,'','','Confirmation','Cancer','Basis of Diagnosis','Histology of primary'),
	(253,338,'','','Confirmation','Cancer','Basis of Diagnosis','Autopsy with Histology'),
	(254,339,'','','Confirmation','Cancer','Basis of Diagnosis','Unknown'),
	(255,400,'','','Confirmation','Cancer','Clinical T','Not recorded.'),
	(256,401,'','','Confirmation','Cancer','Clinical T','TX'),
	(257,402,'','','Confirmation','Cancer','Clinical T','T0'),
	(258,403,'','','Confirmation','Cancer','Clinical T','Ta'),
	(259,404,'','','Confirmation','Cancer','Clinical T','Tis'),
	(260,405,'','','Confirmation','Cancer','Clinical T','Tispu'),
	(261,406,'','','Confirmation','Cancer','Clinical T','Tispd'),
	(262,407,'','','Confirmation','Cancer','Clinical T','T1mic'),
	(263,408,'','','Confirmation','Cancer','Clinical T','T1'),
	(264,409,'','','Confirmation','Cancer','Clinical T','T1a'),
	(265,410,'','','Confirmation','Cancer','Clinical T','T1a1'),
	(266,411,'','','Confirmation','Cancer','Clinical T','T1a2'),
	(267,412,'','','Confirmation','Cancer','Clinical T','T1b'),
	(268,413,'','','Confirmation','Cancer','Clinical T','T1b1'),
	(269,414,'','','Confirmation','Cancer','Clinical T','T1b2'),
	(270,415,'','','Confirmation','Cancer','Clinical T','T1c'),
	(271,416,'','','Confirmation','Cancer','Clinical T','T2'),
	(272,417,'','','Confirmation','Cancer','Clinical T','T2a'),
	(273,418,'','','Confirmation','Cancer','Clinical T','T2b'),
	(274,419,'','','Confirmation','Cancer','Clinical T','T2c'),
	(275,420,'','','Confirmation','Cancer','Clinical T','T3'),
	(276,421,'','','Confirmation','Cancer','Clinical T','T3a'),
	(277,422,'','','Confirmation','Cancer','Clinical T','T3b'),
	(278,423,'','','Confirmation','Cancer','Clinical T','T3c'),
	(279,424,'','','Confirmation','Cancer','Clinical T','T4'),
	(280,425,'','','Confirmation','Cancer','Clinical T','T4a'),
	(281,426,'','','Confirmation','Cancer','Clinical T','T4b'),
	(282,427,'','','Confirmation','Cancer','Clinical T','T4c'),
	(283,428,'','','Confirmation','Cancer','Clinical T','T4d'),
	(284,499,'','','Confirmation','Cancer','Clinical T','Not applicable'),
	(285,500,'','','Confirmation','Cancer','Clinical N','Not recorded.'),
	(286,501,'','','Confirmation','Cancer','Clinical N','NX'),
	(287,502,'','','Confirmation','Cancer','Clinical N','N0'),
	(288,503,'','','Confirmation','Cancer','Clinical N','N1'),
	(289,504,'','','Confirmation','Cancer','Clinical N','N1a'),
	(290,505,'','','Confirmation','Cancer','Clinical N','N1b'),
	(291,506,'','','Confirmation','Cancer','Clinical N','N2'),
	(292,507,'','','Confirmation','Cancer','Clinical N','N2a'),
	(293,508,'','','Confirmation','Cancer','Clinical N','N2b'),
	(294,509,'','','Confirmation','Cancer','Clinical N','N2c'),
	(295,510,'','','Confirmation','Cancer','Clinical N','N3'),
	(296,511,'','','Confirmation','Cancer','Clinical N','N3a'),
	(297,512,'','','Confirmation','Cancer','Clinical N','N3b'),
	(298,513,'','','Confirmation','Cancer','Clinical N','N3c'),
	(299,599,'','','Confirmation','Cancer','Clinical N','Not applicable'),
	(300,600,'','','Confirmation','Cancer','Clinical M','Not recorded.'),
	(301,601,'','','Confirmation','Cancer','Clinical M','MX'),
	(302,602,'','','Confirmation','Cancer','Clinical M','M0'),
	(303,603,'','','Confirmation','Cancer','Clinical M','M1'),
	(304,604,'','','Confirmation','Cancer','Clinical M','M1a'),
	(305,605,'','','Confirmation','Cancer','Clinical M','M1b'),
	(306,606,'','','Confirmation','Cancer','Clinical M','M1c'),
	(307,699,'','','Confirmation','Cancer','Clinical M','Not applicable '),
	(308,700,'','','Confirmation','Cancer','Clinical Stage Group','Stage 0'),
	(309,701,'','','Confirmation','Cancer','Clinical Stage Group','Stage 0A'),
	(310,702,'','','Confirmation','Cancer','Clinical Stage Group','Stage 0is'),
	(311,703,'','','Confirmation','Cancer','Clinical Stage Group','Stage I'),
	(312,704,'','','Confirmation','Cancer','Clinical Stage Group','Stage IA'),
	(313,705,'','','Confirmation','Cancer','Clinical Stage Group','Stage IA1'),
	(314,706,'','','Confirmation','Cancer','Clinical Stage Group','Stage IA2'),
	(315,707,'','','Confirmation','Cancer','Clinical Stage Group','Stage IB'),
	(316,708,'','','Confirmation','Cancer','Clinical Stage Group','Stage IB1'),
	(317,709,'','','Confirmation','Cancer','Clinical Stage Group','Stage IB2'),
	(318,710,'','','Confirmation','Cancer','Clinical Stage Group','Stage 1 C'),
	(319,711,'','','Confirmation','Cancer','Clinical Stage Group','Stage IS'),
	(320,712,'','','Confirmation','Cancer','Clinical Stage Group','Stage II'),
	(321,713,'','','Confirmation','Cancer','Clinical Stage Group','Stage IIA'),
	(322,714,'','','Confirmation','Cancer','Clinical Stage Group','Stage IIB'),
	(323,715,'','','Confirmation','Cancer','Clinical Stage Group','Stage IIC'),
	(324,716,'','','Confirmation','Cancer','Clinical Stage Group','Stage III'),
	(325,717,'','','Confirmation','Cancer','Clinical Stage Group','Stage IIIA'),
	(326,718,'','','Confirmation','Cancer','Clinical Stage Group','Stage IIIB'),
	(327,719,'','','Confirmation','Cancer','Clinical Stage Group','Stage IIIC'),
	(328,720,'','','Confirmation','Cancer','Clinical Stage Group','Stage IV'),
	(329,721,'','','Confirmation','Cancer','Clinical Stage Group','Stage IVA'),
	(330,722,'','','Confirmation','Cancer','Clinical Stage Group','Stage IVB'),
	(331,723,'','','Confirmation','Cancer','Clinical Stage Group','Stage IVC'),
	(332,724,'','','Confirmation','Cancer','Clinical Stage Group','Occult'),
	(333,725,'','','Confirmation','Cancer','Clinical Stage Group','Unknown'),
	(334,799,'','','Confirmation','Cancer','Clinical Stage Group','Not applicable'),
	(335,800,'','','Confirmation','Cancer','Pathologic T','Not recorded.'),
	(336,801,'','','Confirmation','Cancer','Pathologic T','TX'),
	(337,802,'','','Confirmation','Cancer','Pathologic T','T0'),
	(338,803,'','','Confirmation','Cancer','Pathologic T','Ta'),
	(339,804,'','','Confirmation','Cancer','Pathologic T','Tis'),
	(340,805,'','','Confirmation','Cancer','Pathologic T','Tispu'),
	(341,806,'','','Confirmation','Cancer','Pathologic T','Tispd'),
	(342,807,'','','Confirmation','Cancer','Pathologic T','T1mic'),
	(343,808,'','','Confirmation','Cancer','Pathologic T','T1'),
	(344,809,'','','Confirmation','Cancer','Pathologic T','T1a'),
	(345,810,'','','Confirmation','Cancer','Pathologic T','T1a1'),
	(346,811,'','','Confirmation','Cancer','Pathologic T','T1a2'),
	(347,812,'','','Confirmation','Cancer','Pathologic T','T1b'),
	(348,813,'','','Confirmation','Cancer','Pathologic T','T1b1'),
	(349,814,'','','Confirmation','Cancer','Pathologic T','T1b2'),
	(350,815,'','','Confirmation','Cancer','Pathologic T','T1c'),
	(351,816,'','','Confirmation','Cancer','Pathologic T','T2'),
	(352,817,'','','Confirmation','Cancer','Pathologic T','T2a'),
	(353,818,'','','Confirmation','Cancer','Pathologic T','T2b'),
	(354,819,'','','Confirmation','Cancer','Pathologic T','T2c'),
	(355,820,'','','Confirmation','Cancer','Pathologic T','T3'),
	(356,821,'','','Confirmation','Cancer','Pathologic T','T3a'),
	(357,822,'','','Confirmation','Cancer','Pathologic T','T3b'),
	(358,823,'','','Confirmation','Cancer','Pathologic T','T3c'),
	(359,824,'','','Confirmation','Cancer','Pathologic T','T4'),
	(360,825,'','','Confirmation','Cancer','Pathologic T','T4a'),
	(361,826,'','','Confirmation','Cancer','Pathologic T','T4b'),
	(362,827,'','','Confirmation','Cancer','Pathologic T','T4c'),
	(363,828,'','','Confirmation','Cancer','Pathologic T','T4d'),
	(364,899,'','','Confirmation','Cancer','Pathologic T','Not applicable'),
	(365,900,'','','Confirmation','Cancer','Pathologic N','Not recorded.'),
	(366,901,'','','Confirmation','Cancer','Pathologic N','NX'),
	(367,902,'','','Confirmation','Cancer','Pathologic N','N0'),
	(368,903,'','','Confirmation','Cancer','Pathologic N','N0(i-)'),
	(369,904,'','','Confirmation','Cancer','Pathologic N','N0(i+)'),
	(370,905,'','','Confirmation','Cancer','Pathologic N','N0(mol-)'),
	(371,906,'','','Confirmation','Cancer','Pathologic N','N0(mol+)'),
	(372,907,'','','Confirmation','Cancer','Pathologic N','N1'),
	(373,908,'','','Confirmation','Cancer','Pathologic N','N1a'),
	(374,909,'','','Confirmation','Cancer','Pathologic N','N1b'),
	(375,910,'','','Confirmation','Cancer','Pathologic N','N1c'),
	(376,911,'','','Confirmation','Cancer','Pathologic N','N1mi'),
	(377,912,'','','Confirmation','Cancer','Pathologic N','N2'),
	(378,913,'','','Confirmation','Cancer','Pathologic N','N2a'),
	(379,914,'','','Confirmation','Cancer','Pathologic N','N2b'),
	(380,915,'','','Confirmation','Cancer','Pathologic N','N2c'),
	(381,916,'','','Confirmation','Cancer','Pathologic N','N3'),
	(382,917,'','','Confirmation','Cancer','Pathologic N','N3a'),
	(383,918,'','','Confirmation','Cancer','Pathologic N','N3b'),
	(384,919,'','','Confirmation','Cancer','Pathologic N','N3c'),
	(385,999,'','','Confirmation','Cancer','Pathologic N','Not applicable'),
	(386,1000,'','','Confirmation','Cancer','Pathologic M','Not recorded'),
	(387,1001,'','','Confirmation','Cancer','Pathologic M','MX'),
	(388,1002,'','','Confirmation','Cancer','Pathologic M','M0'),
	(389,1003,'','','Confirmation','Cancer','Pathologic M','M1'),
	(390,1004,'','','Confirmation','Cancer','Pathologic M','M1a'),
	(391,1005,'','','Confirmation','Cancer','Pathologic M','M1b'),
	(392,1006,'','','Confirmation','Cancer','Pathologic M','M1c'),
	(393,1099,'','','Confirmation','Cancer','Pathologic M','Not applicable '),
	(394,1100,'','','Confirmation','Cancer','Pathologic Stage Group','Stage 0'),
	(395,1101,'','','Confirmation','Cancer','Pathologic Stage Group','Stage 0A'),
	(396,1102,'','','Confirmation','Cancer','Pathologic Stage Group','Stage 0is'),
	(397,1103,'','','Confirmation','Cancer','Pathologic Stage Group','Stage I'),
	(398,1104,'','','Confirmation','Cancer','Pathologic Stage Group','Stage IA'),
	(399,1105,'','','Confirmation','Cancer','Pathologic Stage Group','Stage IA1'),
	(400,1106,'','','Confirmation','Cancer','Pathologic Stage Group','Stage IA2'),
	(401,1107,'','','Confirmation','Cancer','Pathologic Stage Group','Stage IB'),
	(402,1108,'','','Confirmation','Cancer','Pathologic Stage Group','Stage IB1'),
	(403,1109,'','','Confirmation','Cancer','Pathologic Stage Group','Stage IB2'),
	(404,1110,'','','Confirmation','Cancer','Pathologic Stage Group','Stage 1C'),
	(405,1111,'','','Confirmation','Cancer','Pathologic Stage Group','Stage IS'),
	(406,1112,'','','Confirmation','Cancer','Pathologic Stage Group','Stage II'),
	(407,1113,'','','Confirmation','Cancer','Pathologic Stage Group','Stage IIA'),
	(408,1114,'','','Confirmation','Cancer','Pathologic Stage Group','Stage IIB'),
	(409,1115,'','','Confirmation','Cancer','Pathologic Stage Group','Stage IIC'),
	(410,1116,'','','Confirmation','Cancer','Pathologic Stage Group','Stage III'),
	(411,1117,'','','Confirmation','Cancer','Pathologic Stage Group','Stage IIIA'),
	(412,1118,'','','Confirmation','Cancer','Pathologic Stage Group','Stage IIIB'),
	(413,1119,'','','Confirmation','Cancer','Pathologic Stage Group','Stage IIIC'),
	(414,1120,'','','Confirmation','Cancer','Pathologic Stage Group','Stage IV'),
	(415,1121,'','','Confirmation','Cancer','Pathologic Stage Group','Stage IVA'),
	(416,1122,'','','Confirmation','Cancer','Pathologic Stage Group','Stage IVB'),
	(417,1123,'','','Confirmation','Cancer','Pathologic Stage Group','Stage IVC'),
	(418,1199,'','','Confirmation','Cancer','Pathologic Stage Group','Not applicable');

/*!40000 ALTER TABLE `resultvalues` ENABLE KEYS */;
UNLOCK TABLES;


# Dump of table screens_result
# ------------------------------------------------------------

DROP TABLE IF EXISTS `screens_result`;

CREATE TABLE `screens_result` (
  `resultid` int(11) unsigned NOT NULL AUTO_INCREMENT,
  `requestid` int(11) DEFAULT NULL,
  `patientID` int(11) DEFAULT NULL,
  `staffid` int(11) DEFAULT NULL,
  `cancerid` int(11) DEFAULT NULL,
  `primarysite` varchar(50) DEFAULT NULL,
  `histology` varchar(200) DEFAULT NULL,
  `seqnum` varchar(100) DEFAULT NULL,
  `behaviour` varchar(100) DEFAULT NULL,
  `grade` varchar(100) DEFAULT NULL,
  `laterality` varchar(100) DEFAULT NULL,
  `diagconfirm` varchar(100) DEFAULT NULL,
  `clinicalt` varchar(11) DEFAULT NULL,
  `clinicaln` varchar(11) DEFAULT NULL,
  `clinicalm` varchar(11) DEFAULT NULL,
  `clinicalstage` varchar(11) DEFAULT NULL,
  `pathologict` varchar(11) DEFAULT NULL,
  `pathologicn` varchar(11) DEFAULT NULL,
  `pathologicm` varchar(11) DEFAULT NULL,
  `pathologicstage` varchar(11) DEFAULT NULL,
  `comment` varchar(200) DEFAULT NULL,
  `date` timestamp NULL DEFAULT CURRENT_TIMESTAMP,
  PRIMARY KEY (`resultid`),
  KEY `requestid` (`requestid`)
) ENGINE=InnoDB DEFAULT CHARSET=latin1;

LOCK TABLES `screens_result` WRITE;
/*!40000 ALTER TABLE `screens_result` DISABLE KEYS */;

INSERT INTO `screens_result` (`resultid`, `requestid`, `patientID`, `staffid`, `cancerid`, `primarysite`, `histology`, `seqnum`, `behaviour`, `grade`, `laterality`, `diagconfirm`, `clinicalt`, `clinicaln`, `clinicalm`, `clinicalstage`, `pathologict`, `pathologicn`, `pathologicm`, `pathologicstage`, `comment`, `date`)
VALUES
	(1,NULL,NULL,NULL,NULL,NULL,'this is a demo result',NULL,'ai oum thei',NULL,NULL,NULL,NULL,NULL,NULL,NULL,NULL,NULL,NULL,NULL,NULL,NULL),
	(2,16,46,3,41,'Abdomen, NOS','Cavernous hemangioma','14/14 independent malignant or in situ primaries','Benign','Grade I (Well diff)','Left',NULL,NULL,NULL,NULL,NULL,NULL,NULL,NULL,NULL,NULL,'2015-07-15 19:24:47'),
	(4,16,46,3,41,'Anterior 2/3 of tongue, NOS','Acute monocytic leukemia','19/19 independent malignant or in situ primaries','Metastasis','Grade III (Poor diff)','One side,but unknown','Clinical only','T1a','N2a','MX','null','T1a','N3','M1c','Stage 0is','this is some sought of comment for the doctor','2015-07-15 19:54:47'),
	(5,16,46,3,41,'Accessory sinus, NOS','Acute biphenotypic leukemia','19/19 independent malignant or in situ primaries','Uncert. ben/mal','Grade III (Poor diff)','One side,but unknown','Histology of metastases','T0','N0','M0','null','T1','N1','M1','Stage I','nothing to type here','2015-07-15 19:57:05'),
	(6,16,46,3,41,'Accessory sinus, NOS','Acute biphenotypic leukemia','19/19 independent malignant or in situ primaries','Uncert. ben/mal','Grade III (Poor diff)','One side,but unknown','Histology of metastases','T0','N0','M0','Stage 0','T1','N1','M1','Stage I','nothing to type here','2015-07-15 19:57:46'),
	(7,5,3,101,3,'','','','','','','','','','','','','','','','','2015-07-16 00:38:38'),
	(8,8,54,101,2,'','','','','','','','','','','','','','','','','2015-07-16 12:59:35');

/*!40000 ALTER TABLE `screens_result` ENABLE KEYS */;
UNLOCK TABLES;


# Dump of table screensrequest
# ------------------------------------------------------------

DROP TABLE IF EXISTS `screensrequest`;

CREATE TABLE `screensrequest` (
  `requestid` int(11) NOT NULL AUTO_INCREMENT,
  `PatientID` int(11) NOT NULL,
  `cancerid` int(11) DEFAULT NULL,
  `staffid` int(11) DEFAULT NULL,
  `allergy` varchar(50) DEFAULT NULL,
  `hiv` text,
  `date` timestamp NULL DEFAULT CURRENT_TIMESTAMP,
  PRIMARY KEY (`requestid`),
  UNIQUE KEY `PatientID` (`PatientID`,`cancerid`,`staffid`)
) ENGINE=InnoDB DEFAULT CHARSET=latin1;

LOCK TABLES `screensrequest` WRITE;
/*!40000 ALTER TABLE `screensrequest` DISABLE KEYS */;

INSERT INTO `screensrequest` (`requestid`, `PatientID`, `cancerid`, `staffid`, `allergy`, `hiv`, `date`)
VALUES
	(1,1,1,101,NULL,NULL,NULL),
	(2,3,2,101,NULL,NULL,NULL),
	(3,2,NULL,3,'dust','positive',NULL),
	(4,17,NULL,3,'agag','Negative',NULL),
	(5,3,3,3,'flu','Negative','2015-07-14 04:36:41'),
	(8,54,2,3,'asdshaha','Positive',NULL),
	(14,0,3,3,'haha','Negative','2015-07-14 04:38:30'),
	(15,4,16,3,'haha','Positive','2015-07-14 04:43:19'),
	(16,46,41,3,'Pollen','Positive','2015-07-14 04:44:16'),
	(17,46,5,3,'','Negative','2015-07-14 04:49:00'),
	(20,46,24,3,'haha','Negative','2015-07-14 04:50:15'),
	(21,46,22,3,'kiki','Dont Know','2015-07-14 04:50:35'),
	(22,45,15,3,'Cocacola','Negative','2015-07-14 04:58:19'),
	(24,1,21,3,'','Positive','2015-07-15 20:15:54');

/*!40000 ALTER TABLE `screensrequest` ENABLE KEYS */;
UNLOCK TABLES;


# Dump of table staffs
# ------------------------------------------------------------

DROP TABLE IF EXISTS `staffs`;

CREATE TABLE `staffs` (
  `staffid` int(11) NOT NULL AUTO_INCREMENT,
  `first_Name` varchar(50) NOT NULL,
  `last_name` varchar(50) NOT NULL,
  `other_name` varchar(50) DEFAULT NULL,
  `Department` varchar(15) NOT NULL DEFAULT '',
  `Mobile_phone` varchar(15) NOT NULL,
  `Office_phone` varchar(15) NOT NULL,
  `e_mail` varchar(100) DEFAULT NULL,
  `Next_of_Kin` varchar(100) NOT NULL,
  `User_Name` varchar(50) NOT NULL,
  `pass_Word` varchar(50) NOT NULL,
  PRIMARY KEY (`staffid`,`User_Name`)
) ENGINE=InnoDB DEFAULT CHARSET=latin1;

LOCK TABLES `staffs` WRITE;
/*!40000 ALTER TABLE `staffs` DISABLE KEYS */;

INSERT INTO `staffs` (`staffid`, `first_Name`, `last_name`, `other_name`, `Department`, `Mobile_phone`, `Office_phone`, `e_mail`, `Next_of_Kin`, `User_Name`, `pass_Word`)
VALUES
	(1,'Admin','Admin','Admin','Admin','Admin','Admin','Admin','Admin','Admin','Admin'),
	(2,'consultant','consultant','consultant','Consultant','consultant','consultant','consultant','consultant','consultant','consultant'),
	(3,'Ian','Clerk','Doctor','Doctor','Doctor','Doctor','Doctor','Doctor','Doctor','Doctor'),
	(4,'Pharmacy','Pharmacy','Pharmacy','Pharmacy','Pharmacy','Pharmacy','Pharmacy','Pharmacy','Pharmacy','Pharmacy'),
	(5,'reception','reception','reception','reception','reception','reception','reception','reception','reception','reception'),
	(101,'Kenneth','Onelaw','Onekalit','Screening','0414912345','0414123454','ken@onelaw.com','Kenn Junior','ken','ken'),
	(125,'Demo','Nstration',NULL,'Pharmacy','2567732433','776323583','demo@nstration.com','Beans','demo','demo'),
	(583,'emma','emma','emma','Reception','1234567','1234','asdfgh','asdfghk','emma','emma'),
	(1246575,'onekalit','kenneth','','Pharmacy','19999919991','7737373737','8884848848','kent','oneklaw','kenene');

/*!40000 ALTER TABLE `staffs` ENABLE KEYS */;
UNLOCK TABLES;


# Dump of table test
# ------------------------------------------------------------

DROP TABLE IF EXISTS `test`;

CREATE TABLE `test` (
  `id` int(16) NOT NULL AUTO_INCREMENT,
  `name` varchar(100) DEFAULT NULL,
  `address` varchar(100) DEFAULT NULL,
  `postcode` varchar(100) DEFAULT NULL,
  `town` varchar(100) DEFAULT NULL,
  `country` varchar(100) DEFAULT NULL,
  PRIMARY KEY (`id`)
) ENGINE=InnoDB DEFAULT CHARSET=latin1;



# Dump of table triage
# ------------------------------------------------------------

DROP TABLE IF EXISTS `triage`;

CREATE TABLE `triage` (
  `triageid` int(20) NOT NULL AUTO_INCREMENT,
  `patientID` int(20) DEFAULT NULL,
  `temperature` float DEFAULT NULL,
  `weight` float DEFAULT NULL,
  `height` float DEFAULT NULL,
  `bp` varchar(10) DEFAULT NULL,
  `pulse` int(5) DEFAULT NULL,
  `date` timestamp NULL DEFAULT CURRENT_TIMESTAMP,
  `staffid` int(11) DEFAULT NULL,
  PRIMARY KEY (`triageid`),
  KEY `PatientID` (`patientID`),
  CONSTRAINT `triage_ibfk_1` FOREIGN KEY (`patientID`) REFERENCES `patient` (`patientID`)
) ENGINE=InnoDB DEFAULT CHARSET=latin1;

LOCK TABLES `triage` WRITE;
/*!40000 ALTER TABLE `triage` DISABLE KEYS */;

INSERT INTO `triage` (`triageid`, `patientID`, `temperature`, `weight`, `height`, `bp`, `pulse`, `date`, `staffid`)
VALUES
	(1,1,43,234,675,'12/98',45,'2015-07-07 00:00:00',NULL),
	(2,1,43,234,675,'12/98',45,'2013-01-02 00:00:00',NULL),
	(3,3,45,134,1023,'89/30',76,'2015-10-12 00:00:00',NULL),
	(4,1,435,265,789,'139/98',87,'2009-09-23 00:00:00',NULL),
	(5,6,6,6,6,'6',6,'2000-01-01 00:00:00',NULL),
	(6,2,22,33,33,'333',33,NULL,NULL),
	(7,2,34,564,454,'23/676',45,'1999-12-03 00:00:00',NULL),
	(8,2,34,56,200,'120/60',45,NULL,NULL),
	(9,2,34,56,200,'120/60',45,NULL,NULL),
	(10,2,36,89,178,'134/86',89,NULL,NULL),
	(11,2,36,89,178,'134/86',89,NULL,NULL),
	(12,8,98,54,123,'454/34',323,'2015-07-09 20:16:35',NULL),
	(13,49,37,85,190,'165/80',75,'2015-07-10 07:19:01',NULL),
	(14,2,36,87,123,'125/56',74,NULL,NULL),
	(15,54,23,34,124,'126/65',56,NULL,NULL),
	(16,54,56,76,155,'130/67',34,NULL,NULL),
	(17,54,23,54,123,'3435',123,NULL,NULL),
	(18,54,32,34,12,'12/13',23,NULL,NULL),
	(19,14,34,232,213,'123',45,'2015-07-14 02:07:10',583),
	(21,49,36,90,198,'165/44',90,'2015-07-14 02:09:39',583),
	(22,49,34,87,197,'145/41',78,'2015-07-14 02:14:30',583),
	(23,49,35,88,199,'134/43',87,'2015-07-14 02:15:53',583),
	(24,4,40,89,167,'135/45',67,'2015-07-14 03:05:47',583),
	(25,5,35,78,165,'163/65',76,'2015-07-14 03:26:13',583);

/*!40000 ALTER TABLE `triage` ENABLE KEYS */;
UNLOCK TABLES;



/*!40111 SET SQL_NOTES=@OLD_SQL_NOTES */;
/*!40101 SET SQL_MODE=@OLD_SQL_MODE */;
/*!40014 SET FOREIGN_KEY_CHECKS=@OLD_FOREIGN_KEY_CHECKS */;
/*!40101 SET CHARACTER_SET_CLIENT=@OLD_CHARACTER_SET_CLIENT */;
/*!40101 SET CHARACTER_SET_RESULTS=@OLD_CHARACTER_SET_RESULTS */;
/*!40101 SET COLLATION_CONNECTION=@OLD_COLLATION_CONNECTION */;
